row_idx,step,raw_angle_deg,normalized_angle_deg,angle_diff_deg
0,0,0.0,0.0,0.0
0,1,-70.1321,-13.7147,-56.4174
0,2,-71.3497,-14.9227,-56.427
0,3,-72.3752,-15.9416,-56.4336
0,4,-73.1045,-16.6698,-56.4347
0,5,-73.6302,-17.1962,-56.434
0,6,-73.2131,-16.8122,-56.401
0,7,-71.8156,-15.4657,-56.3498
0,8,-70.7259,-14.3696,-56.3563
0,9,-69.2777,-12.9517,-56.326
0,10,-68.3376,-11.9867,-56.3509
0,11,-67.5334,-11.1793,-56.3542
0,12,-66.9541,-10.5869,-56.3673
0,13,-66.4993,-10.1249,-56.3744
0,14,-65.993,-9.6274,-56.3656
0,15,-65.6375,-9.2593,-56.3782
0,16,-65.1511,-8.7913,-56.3598
0,17,-64.6506,-8.2965,-56.354
0,18,-64.1002,-7.757,-56.3432
0,19,-63.5456,-7.2073,-56.3382
0,20,-63.0195,-6.6813,-56.3382
0,21,-62.4893,-6.1558,-56.3336
0,22,-61.8834,-5.5663,-56.3171
0,23,-61.2022,-4.9029,-56.2993
0,24,-60.6059,-4.2966,-56.3093
0,25,-60.127,-3.8002,-56.3268
0,26,-59.6614,-3.3358,-56.3257
0,27,-59.3033,-2.9593,-56.344
0,28,-58.995,-2.6432,-56.3518
0,29,-58.745,-2.3827,-56.3622
0,30,-58.5557,-2.1815,-56.3741
0,31,-58.3918,-2.0131,-56.3787
0,32,-58.2588,-1.8739,-56.3849
0,33,-58.1418,-1.7539,-56.3879
0,34,-58.0554,-1.6604,-56.3949
0,35,-57.9811,-1.5836,-56.3975
0,36,-57.9223,-1.5211,-56.4012
0,37,-57.8733,-1.4698,-56.4035
0,38,-57.8374,-1.4305,-56.407
0,39,-57.8201,-1.4079,-56.4122
0,40,-57.8135,-1.3981,-56.4154
0,41,-57.8229,-1.4025,-56.4204
0,42,-57.8164,-1.4011,-56.4153
0,43,-57.7771,-1.3727,-56.4044
0,44,-57.734,-1.3312,-56.4028
0,45,-57.6787,-1.2805,-56.3982
0,46,-57.6171,-1.2216,-56.3956
0,47,-57.5448,-1.1536,-56.3912
0,48,-57.4539,-1.0702,-56.3837
0,49,-57.3539,-0.9744,-56.3795
0,50,-57.2451,-0.8697,-56.3754
0,51,-57.1331,-0.7599,-56.3732
0,52,-57.0206,-0.6484,-56.3721
0,53,-56.9052,-0.5351,-56.3701
0,54,-56.7822,-0.4162,-56.366
0,55,-56.6871,-0.3102,-56.3769
0,56,-56.6023,-0.2217,-56.3806
0,57,-56.6092,-0.1887,-56.4205
0,58,-56.6161,-0.1956,-56.4206
0,59,-56.6116,-0.1963,-56.4153
0,60,-56.614,-0.1955,-56.4185
0,61,-56.6049,-0.1918,-56.4131
0,62,-56.6026,-0.1863,-56.4163
0,63,-56.5889,-0.1783,-56.4107
0,64,-56.5753,-0.1647,-56.4106
0,65,-56.564,-0.1523,-56.4117
0,66,-56.5457,-0.1378,-56.408
0,67,-56.5321,-0.1218,-56.4102
0,68,-56.5229,-0.1104,-56.4126
0,69,-56.5254,-0.1066,-56.4187
0,70,-56.514,-0.1028,-56.4112
0,71,-56.5026,-0.0916,-56.4111
0,72,-56.5027,-0.0852,-56.4174
0,73,-56.4913,-0.0804,-56.4109
0,74,-56.4636,-0.0622,-56.4014
0,75,-56.4566,-0.0433,-56.4133
0,76,-56.4497,-0.0364,-56.4133
0,77,-56.4427,-0.0295,-56.4132
0,78,-56.4588,-0.0316,-56.4272
0,79,-56.4724,-0.0466,-56.4258
0,80,-56.4768,-0.0567,-56.4202
0,81,-56.4861,-0.0628,-56.4233
0,82,-56.5293,-0.0842,-56.4452
0,83,-56.5955,-0.1351,-56.4604
0,84,-56.6435,-0.1945,-56.449
0,85,-56.6734,-0.2361,-56.4373
0,86,-56.6917,-0.2619,-56.4297
0,87,-56.6962,-0.2757,-56.4205
0,88,-56.6917,-0.2773,-56.4143
0,89,-56.6962,-0.2756,-56.4205
0,90,-56.6779,-0.2734,-56.4046
0,91,-56.655,-0.2539,-56.4011
0,92,-56.6138,-0.226,-56.3877
0,93,-56.584,-0.1883,-56.3957
0,94,-56.5313,-0.1527,-56.3787
0,95,-56.5154,-0.1098,-56.4056
0,96,-56.4949,-0.0929,-56.402
0,97,-56.4742,-0.0725,-56.4017
0,98,-56.4628,-0.0541,-56.4086
0,99,-56.4628,-0.0454,-56.4174
0,100,-56.4582,-0.0444,-56.4138
0,101,-56.4881,-0.0471,-56.4411
0,102,-56.4926,-0.0716,-56.421
0,103,-56.5018,-0.077,-56.4248
0,104,-56.5154,-0.0869,-56.4285
0,105,-56.5612,-0.1062,-56.455
0,106,-56.6322,-0.1559,-56.4763
0,107,-56.6619,-0.2196,-56.4423
0,108,-56.6734,-0.2463,-56.4271
0,109,-56.6847,-0.2576,-56.4271
0,110,-56.6962,-0.2689,-56.4272
0,111,-56.7031,-0.2797,-56.4234
0,112,-56.7146,-0.2871,-56.4275
0,113,-56.7214,-0.2979,-56.4235
0,114,-56.7259,-0.3045,-56.4215
0,115,-56.7146,-0.3074,-56.4072
0,116,-56.6847,-0.2944,-56.3904
0,117,-56.6435,-0.2639,-56.3796
0,118,-56.6023,-0.2229,-56.3794
0,119,-56.584,-0.1836,-56.4004
0,120,-56.5955,-0.1673,-56.4282
0,121,-56.6023,-0.1784,-56.4239
0,122,-56.6253,-0.1859,-56.4393
0,123,-56.6367,-0.2083,-56.4284
0,124,-56.6664,-0.2201,-56.4463
0,125,-56.655,-0.2488,-56.4062
0,126,-56.6619,-0.2377,-56.4242
0,127,-56.6734,-0.2445,-56.4288
0,128,-56.6962,-0.2559,-56.4402
0,129,-56.6917,-0.2785,-56.4131
0,130,-56.7031,-0.2743,-56.4287
0,131,-56.6962,-0.2854,-56.4108
0,132,-56.6734,-0.279,-56.3944
0,133,-56.5864,-0.2569,-56.3295
0,134,-56.5981,-0.1733,-56.4248
0,135,-56.6326,-0.18,-56.4526
0,136,-56.6333,-0.213,-56.4203
0,137,-56.6498,-0.2158,-56.434
0,138,-56.6871,-0.2311,-56.456
0,139,-56.7153,-0.2664,-56.4489
0,140,-56.7318,-0.2952,-56.4366
0,141,-56.7554,-0.3127,-56.4427
0,142,-56.7741,-0.3353,-56.4388
0,143,-56.8645,-0.3544,-56.5101
0,144,-56.8783,-0.4357,-56.4426
0,145,-56.8274,-0.459,-56.3684
0,146,-56.8344,-0.4173,-56.4171
0,147,-56.8112,-0.4159,-56.3953
0,148,-56.7466,-0.3975,-56.3491
0,149,-56.7398,-0.34,-56.3998
0,150,-56.6974,-0.3236,-56.3738
0,151,-56.6856,-0.2876,-56.3979
0,152,-56.6392,-0.2704,-56.3688
0,153,-56.6091,-0.2309,-56.3782
0,154,-56.6998,-0.1979,-56.502
0,155,-56.7407,-0.2631,-56.4776
0,156,-56.7476,-0.3142,-56.4333
0,157,-56.7407,-0.3286,-56.4121
0,158,-56.7521,-0.3249,-56.4272
0,159,-56.7589,-0.3319,-56.4271
0,160,-56.7634,-0.3398,-56.4236
0,161,-56.7702,-0.3448,-56.4254
0,162,-56.7521,-0.3509,-56.4011
0,163,-56.6885,-0.3396,-56.3488
0,164,-56.7112,-0.2891,-56.4221
0,165,-56.7022,-0.2872,-56.415
0,166,-56.7527,-0.2875,-56.4652
0,167,-56.7255,-0.3197,-56.4058
0,168,-56.7946,-0.3167,-56.4779
0,169,-56.8039,-0.3549,-56.4491
0,170,-56.8316,-0.3834,-56.4482
0,171,-56.8296,-0.4048,-56.4247
0,172,-56.7284,-0.4129,-56.3155
0,173,-56.7489,-0.3468,-56.4022
0,174,-56.7187,-0.3241,-56.3946
0,175,-56.6703,-0.3124,-56.3579
0,176,-56.6817,-0.2711,-56.4105
0,177,-56.7293,-0.2599,-56.4694
0,178,-56.7112,-0.2932,-56.4181
0,179,-56.6998,-0.3011,-56.3988
0,180,-56.7112,-0.2871,-56.4241
0,181,-56.7181,-0.2891,-56.429
0,182,-56.6885,-0.2978,-56.3907
0,183,-56.6998,-0.2839,-56.416
0,184,-56.7181,-0.2774,-56.4407
0,185,-56.6817,-0.2925,-56.3892
0,186,-56.6776,-0.2809,-56.3967
0,187,-56.6736,-0.2621,-56.4115
0,188,-56.6719,-0.2581,-56.4138
0,189,-56.6701,-0.2553,-56.4148
0,190,-56.6474,-0.2535,-56.3939
0,191,-56.5834,-0.2412,-56.3422
0,192,-56.483,-0.1982,-56.2847
0,193,-56.4258,-0.1169,-56.3089
0,194,-56.4488,-0.038,-56.4107
0,195,-56.4398,-0.0193,-56.4205
0,196,-56.4191,-0.0272,-56.3919
0,197,-56.3573,-0.0129,-56.3444
0,198,-56.3709,0.0262,-56.3971
0,199,-56.3503,0.0541,-56.4044
0,200,-56.3935,0.0554,-56.449
0,201,-56.4503,0.0486,-56.499
0,202,-56.4594,0.0001,-56.4595
0,203,-56.4639,-0.0367,-56.4273
0,204,-56.4775,-0.0438,-56.4337
0,205,-56.5389,-0.0519,-56.4871
0,206,-56.5615,-0.0839,-56.4776
0,207,-56.566,-0.1301,-56.4359
0,208,-56.5888,-0.1458,-56.443
0,209,-56.5933,-0.1569,-56.4364
0,210,-56.6,-0.173,-56.4271
0,211,-56.6273,-0.1782,-56.4491
0,212,-56.6295,-0.1919,-56.4375
0,213,-56.659,-0.2106,-56.4484
0,214,-56.7407,-0.2216,-56.519
0,215,-56.7476,-0.2675,-56.4801
0,216,-56.7521,-0.3254,-56.4267
0,217,-56.6908,-0.3315,-56.3593
0,218,-56.6819,-0.3167,-56.3652
0,219,-56.6523,-0.2708,-56.3815
0,220,-56.6433,-0.2562,-56.3871
0,221,-56.6,-0.2325,-56.3676
0,222,-56.6231,-0.2146,-56.4086
0,223,-56.6186,-0.1885,-56.4301
0,224,-56.5706,-0.2046,-56.366
0,225,-56.6094,-0.1897,-56.4196
0,226,-56.5841,-0.1621,-56.422
0,227,-56.6068,-0.1863,-56.4205
0,228,-56.6136,-0.1716,-56.442
0,229,-56.557,-0.1908,-56.3662
0,230,-56.5546,-0.1849,-56.3697
0,231,-56.5592,-0.1392,-56.42
0,232,-56.6023,-0.1381,-56.4643
0,233,-56.6068,-0.1494,-56.4575
0,234,-56.6136,-0.1857,-56.4279
0,235,-56.6181,-0.1905,-56.4276
0,236,-56.5639,-0.1969,-56.367
0,237,-56.5458,-0.1928,-56.353
0,238,-56.4547,-0.144,-56.3107
0,239,-56.5006,-0.1167,-56.3839
0,240,-56.51,-0.0429,-56.4671
0,241,-56.5421,-0.0842,-56.4578
0,242,-56.5695,-0.096,-56.4735
0,243,-56.5695,-0.1273,-56.4422
0,244,-56.6286,-0.1521,-56.4765
0,245,-56.6628,-0.1569,-56.5059
0,246,-56.6763,-0.2137,-56.4626
0,247,-56.7148,-0.2463,-56.4685
0,248,-56.735,-0.2612,-56.4738
0,249,-56.7601,-0.2984,-56.4616
0,250,-56.7714,-0.3186,-56.4528
0,251,-56.7894,-0.343,-56.4463
0,252,-56.8093,-0.3545,-56.4548
0,253,-56.8474,-0.3724,-56.475
0,254,-56.8179,-0.3923,-56.4256
0,255,-56.8292,-0.4299,-56.3994
0,256,-56.8937,-0.4006,-56.493
0,257,-56.8716,-0.4117,-56.4599
0,258,-56.8605,-0.475,-56.3855
0,259,-56.8247,-0.4548,-56.37
0,260,-56.7983,-0.4435,-56.3548
0,261,-56.9078,-0.4089,-56.4989
0,262,-56.9734,-0.3822,-56.5912
0,263,-57.0949,-0.4839,-56.6109
0,264,-57.1597,-0.5516,-56.6081
0,265,-57.139,-0.6685,-56.4705
0,266,-57.1322,-0.737,-56.3952
0,267,-57.2305,-0.7234,-56.5071
0,268,-57.2764,-0.7154,-56.561
0,269,-57.1641,-0.8027,-56.3614
0,270,-57.1709,-0.8538,-56.3171
0,271,-57.0569,-0.7603,-56.2966
0,272,-57.1322,-0.7527,-56.3795
0,273,-57.05,-0.6551,-56.3949
0,274,-57.0819,-0.7039,-56.3781
0,275,-57.1779,-0.6451,-56.5327
0,276,-57.1917,-0.6594,-56.5323
0,277,-57.2971,-0.7443,-56.5529
0,278,-57.3178,-0.7718,-56.546
0,279,-57.3248,-0.8603,-56.4645
0,280,-57.3178,-0.8965,-56.4214
0,281,-57.2695,-0.906,-56.3635
0,282,-56.9816,-0.9019,-56.0797
0,283,-56.6476,-0.8625,-55.7851
0,284,-56.8361,-0.6283,-56.2078
0,285,-57.0249,-0.3073,-56.7176
0,286,-57.1034,-0.3737,-56.7297
0,287,-57.024,-0.5609,-56.463
0,288,-56.9745,-0.666,-56.3085
0,289,-56.8185,-0.6274,-56.1911
0,290,-56.9445,-0.5704,-56.3741
0,291,-56.9534,-0.4445,-56.509
0,292,-56.9514,-0.4912,-56.4603
0,293,-56.9599,-0.5334,-56.4265
0,294,-57.0009,-0.5346,-56.4662
0,295,-57.0587,-0.5399,-56.5188
0,296,-57.1192,-0.5705,-56.5487
0,297,-57.1192,-0.6225,-56.4967
0,298,-57.1439,-0.6817,-56.4622
0,299,-57.2444,-0.7018,-56.5426
0,300,-57.1459,-0.7179,-56.428
0,301,-57.1917,-0.7912,-56.4005
0,302,-57.2237,-0.7643,-56.4594
0,303,-57.2305,-0.7572,-56.4733
0,304,-57.1139,-0.7941,-56.3198
0,305,-57.1208,-0.8105,-56.3103
0,306,-56.8655,-0.7426,-56.1229
0,307,-56.9896,-0.7006,-56.289
0,308,-56.8739,-0.5534,-56.3205
0,309,-56.7307,-0.5203,-56.2104
0,310,-56.683,-0.5059,-56.1771
0,311,-56.6374,-0.3756,-56.2618
0,312,-56.6462,-0.2867,-56.3596
0,313,-56.7455,-0.2405,-56.505
0,314,-56.8946,-0.2248,-56.6698
0,315,-56.732,-0.282,-56.4501
0,316,-57.1528,-0.4067,-56.7461
0,317,-57.1709,-0.3932,-56.7777
0,318,-57.2764,-0.5306,-56.7458
0,319,-57.107,-0.7445,-56.3625
0,320,-57.2512,-0.8057,-56.4455
0,321,-56.6136,-0.7764,-55.8372
0,322,-57.0292,-0.7587,-56.2705
0,323,-57.0843,-0.5328,-56.5515
0,324,-57.0259,-0.3886,-56.6373
0,325,-56.9357,-0.6369,-56.2988
0,326,-56.7987,-0.6407,-56.158
0,327,-56.7466,-0.5688,-56.1778
0,328,-56.7373,-0.4591,-56.2783
0,329,-56.7961,-0.3592,-56.4369
0,330,-56.9328,-0.3253,-56.6075
0,331,-56.9762,-0.344,-56.6322
0,332,-57.1641,-0.4337,-56.7304
0,333,-57.1398,-0.5324,-56.6074
0,334,-57.2902,-0.6314,-56.6588
0,335,-57.2168,-0.7375,-56.4793
0,336,-56.94,-0.778,-56.162
0,337,-57.1091,-0.8462,-56.2629
0,338,-57.1289,-0.7014,-56.4275
0,339,-57.0482,-0.5811,-56.4671
0,340,-56.9485,-0.6984,-56.2501
0,341,-56.8463,-0.6848,-56.1614
0,342,-56.8279,-0.5986,-56.2293
0,343,-56.8529,-0.4989,-56.3539
0,344,-56.981,-0.4232,-56.5577
0,345,-57.0523,-0.418,-56.6343
0,346,-57.1131,-0.4729,-56.6402
0,347,-57.1917,-0.5838,-56.6079
0,348,-57.2858,-0.6516,-56.6341
0,349,-57.2971,-0.7168,-56.5804
0,350,-57.1732,-0.7987,-56.3745
0,351,-57.2255,-0.8712,-56.3543
0,352,-57.1233,-0.8495,-56.2739
0,353,-56.9969,-0.7682,-56.2287
0,354,-56.8927,-0.7847,-56.108
0,355,-56.8585,-0.678,-56.1805
0,356,-56.8033,-0.5573,-56.246
0,357,-56.8709,-0.4683,-56.4026
0,358,-57.037,-0.4302,-56.6068
0,359,-57.1488,-0.3987,-56.75
0,360,-57.1779,-0.4838,-56.6941
0,361,-57.2099,-0.639,-56.5708
0,362,-57.2971,-0.7362,-56.561
0,363,-57.3041,-0.7655,-56.5386
0,364,-57.1793,-0.8056,-56.3737
0,365,-57.1375,-0.8807,-56.2567
0,366,-57.1277,-0.8698,-56.2579
0,367,-57.1139,-0.7565,-56.3573
0,368,-57.107,-0.7189,-56.3881
0,369,-57.1208,-0.7088,-56.412
0,370,-57.1641,-0.6958,-56.4684
0,371,-57.1917,-0.6909,-56.5008
0,372,-57.2375,-0.7072,-56.5303
0,373,-57.2902,-0.7489,-56.5413
0,374,-57.2971,-0.7776,-56.5196
0,375,-57.3041,-0.8235,-56.4806
0,376,-57.2695,-0.8732,-56.3963
0,377,-57.075,-0.8801,-56.1949
0,378,-56.9885,-0.8852,-56.1032
0,379,-56.9998,-0.8456,-56.1542
0,380,-56.9635,-0.6554,-56.3081
0,381,-56.8657,-0.5713,-56.2944
0,382,-57.0135,-0.5821,-56.4315
0,383,-57.0431,-0.5459,-56.4972
0,384,-57.1139,-0.4488,-56.6651
0,385,-57.075,-0.5941,-56.4809
0,386,-57.2695,-0.625,-56.6445
0,387,-57.2695,-0.6944,-56.5751
0,388,-57.3455,-0.659,-56.6865
0,389,-57.3109,-0.8433,-56.4676
0,390,-57.3391,-0.8521,-56.487
0,391,-57.3723,-0.9235,-56.4489
0,392,-57.3748,-0.8959,-56.479
0,393,-57.4278,-0.9196,-56.5082
0,394,-57.4328,-0.9521,-56.4807
0,395,-57.3704,-0.9572,-56.4132
0,396,-57.2883,-1.0051,-56.2833
0,397,-57.2359,-1.0148,-56.2211
0,398,-57.0941,-0.9602,-56.1339
0,399,-56.714,-0.8811,-55.8329
0,400,-56.5727,-0.8254,-55.7473
0,401,-56.6074,-0.6964,-55.911
0,402,-57.0084,-0.3522,-56.6562
0,403,-57.0181,-0.1771,-56.841
0,404,-57.0001,-0.1843,-56.8158
0,405,-56.9175,-0.5223,-56.3952
0,406,-56.8853,-0.599,-56.2863
0,407,-56.8759,-0.5861,-56.2898
0,408,-56.8871,-0.5161,-56.371
0,409,-56.9187,-0.4743,-56.4443
0,410,-56.9862,-0.4604,-56.5257
0,411,-57.0729,-0.4673,-56.6057
0,412,-57.2182,-0.4942,-56.724
0,413,-57.2344,-0.5531,-56.6814
0,414,-57.2444,-0.6347,-56.6097
0,415,-57.2695,-0.7647,-56.5048
0,416,-57.1822,-0.8129,-56.3693
0,417,-57.1547,-0.8244,-56.3303
0,418,-57.0736,-0.8453,-56.2284
0,419,-56.8238,-0.7892,-56.0346
0,420,-56.7032,-0.7452,-55.958
0,421,-56.5445,-0.6802,-55.8643
0,422,-56.2586,-0.4823,-55.7763
0,423,-55.9197,-0.3234,-55.5963
0,424,-55.6182,-0.1778,-55.4405
0,425,-55.7251,0.0655,-55.7906
0,426,-55.9337,0.3846,-56.3183
0,427,-56.0633,0.6963,-56.7596
0,428,-56.1826,0.7297,-56.9123
0,429,-56.3723,0.5582,-56.9306
0,430,-56.3567,0.4014,-56.7581
0,431,-56.3928,0.2795,-56.6722
0,432,-56.4063,0.1173,-56.5236
0,433,-56.3137,0.0546,-56.3683
0,434,-56.1393,0.039,-56.1782
0,435,-56.0572,0.0166,-56.0738
0,436,-55.9753,0.0654,-56.0408
0,437,-55.8959,0.2047,-56.1006
0,438,-55.8916,0.325,-56.2166
0,439,-55.9581,0.4063,-56.3644
0,440,-55.9947,0.4862,-56.4809
0,441,-56.2325,0.5239,-56.7563
0,442,-56.3769,0.4898,-56.8667
0,443,-55.9492,0.4398,-56.389
0,444,-56.3927,0.2979,-56.6906
0,445,-56.4968,0.1103,-56.6071
0,446,-56.5973,0.2584,-56.8557
0,447,-56.2979,0.2463,-56.5442
0,448,-56.0381,-0.0266,-56.0114
0,449,-55.6463,-0.1281,-55.5183
0,450,-55.9338,-0.0371,-55.8966
0,451,-55.8721,0.2414,-56.1135
0,452,-55.7972,0.5607,-56.3578
0,453,-55.7318,0.6412,-56.373
0,454,-55.7556,0.5112,-56.2667
0,455,-55.8278,0.5782,-56.406
0,456,-56.0762,0.6484,-56.7246
0,457,-56.2956,0.6755,-56.9712
0,458,-56.3813,0.6318,-57.0132
0,459,-56.3588,0.4883,-56.8471
0,460,-56.2799,0.2534,-56.5333
0,461,-56.3725,0.0883,-56.4607
0,462,-56.0582,0.0447,-56.1029
0,463,-56.0689,0.0883,-56.1571
0,464,-56.0223,0.1035,-56.1258
0,465,-55.8874,0.158,-56.0454
0,466,-55.8323,0.3555,-56.1878
0,467,-55.8026,0.3645,-56.1671
0,468,-55.7714,0.4405,-56.2118
0,469,-55.8248,0.5481,-56.3729
0,470,-56.0081,0.5946,-56.6027
0,471,-56.2394,0.6246,-56.864
0,472,-56.246,0.6297,-56.8757
0,473,-56.4174,0.538,-56.9554
0,474,-56.3656,0.3421,-56.7078
0,475,-56.2461,0.1762,-56.4223
0,476,-56.2483,0.1244,-56.3727
0,477,-56.1913,0.0138,-56.2051
0,478,-56.0865,0.0827,-56.1692
0,479,-55.9291,0.1707,-56.0999
0,480,-55.8648,0.1829,-56.0477
0,481,-55.858,0.2506,-56.1086
0,482,-55.824,0.3666,-56.1906
0,483,-55.8728,0.5024,-56.3752
0,484,-56.024,0.5541,-56.578
0,485,-56.1375,0.5664,-56.7039
0,486,-56.246,0.5838,-56.8298
0,487,-56.4106,0.5161,-56.9267
0,488,-56.4174,0.373,-56.7904
0,489,-56.3452,0.2612,-56.6064
0,490,-56.3588,0.1443,-56.5032
0,491,-56.2685,0.0057,-56.2742
0,492,-56.1527,0.0107,-56.1634
0,493,-55.9932,0.0703,-56.0635
0,494,-55.9293,0.0706,-55.9998
0,495,-55.8878,0.1634,-56.0512
0,496,-55.8743,0.2834,-56.1577
0,497,-55.8909,0.4312,-56.3222
0,498,-56.0124,0.4924,-56.5048
0,499,-56.0786,0.5308,-56.6095
0,500,-56.2732,0.5417,-56.8149
0,501,-56.3385,0.517,-56.8555
0,502,-56.3452,0.4003,-56.7455
0,503,-56.3588,0.3265,-56.6853
0,504,-56.4038,0.1407,-56.5445
0,505,-56.4174,0.0786,-56.496
0,506,-56.4106,0.0717,-56.4823
0,507,-56.4174,0.0572,-56.4746
1,0,0.0,0.0,0.0
1,1,-103.3661,121.6593,-225.0254
1,2,-103.3662,121.6592,-225.0254
1,3,-103.3662,121.6592,-225.0254
1,4,-103.3662,121.6592,-225.0254
1,5,-103.3662,121.6592,-225.0254
1,6,-103.3661,121.6592,-225.0254
1,7,-103.3662,121.6592,-225.0254
1,8,-103.3661,121.6592,-225.0254
1,9,-103.3662,121.6592,-225.0254
1,10,-103.3662,121.6592,-225.0254
1,11,-103.3662,121.6592,-225.0254
1,12,-103.3662,121.6592,-225.0254
1,13,-103.3662,121.6592,-225.0254
1,14,-103.3662,121.6592,-225.0253
1,15,-103.3662,121.6592,-225.0254
1,16,-103.3662,121.6592,-225.0254
1,17,-103.3662,121.6592,-225.0254
1,18,-103.3662,121.6592,-225.0253
1,19,-103.3662,121.6592,-225.0254
1,20,-103.3662,121.6592,-225.0254
1,21,-103.3662,121.6592,-225.0254
1,22,-103.3662,121.6592,-225.0253
1,23,-103.3662,121.6592,-225.0254
1,24,-103.3662,121.6592,-225.0254
1,25,-103.3662,121.6592,-225.0254
1,26,-103.3662,121.6592,-225.0254
1,27,-103.3662,121.6592,-225.0254
1,28,-103.3662,121.6592,-225.0254
1,29,-103.3662,121.6592,-225.0254
1,30,-103.3662,121.6592,-225.0253
1,31,-103.3662,121.6592,-225.0254
1,32,-103.3662,121.6592,-225.0254
1,33,-103.3662,121.6592,-225.0254
1,34,-103.3662,121.6592,-225.0254
1,35,-103.3662,121.6592,-225.0254
1,36,-103.3662,121.6592,-225.0254
1,37,-103.3662,121.6592,-225.0253
1,38,-103.3662,121.6592,-225.0254
1,39,-103.3662,121.6592,-225.0254
1,40,-103.3662,121.6592,-225.0254
1,41,-103.3662,121.6592,-225.0253
1,42,-103.3662,121.6592,-225.0254
1,43,-103.3662,121.6592,-225.0254
1,44,-103.3662,121.6592,-225.0254
1,45,-103.3662,121.6592,-225.0254
1,46,-103.3662,121.6592,-225.0254
1,47,-103.3073,121.6592,-224.9665
1,48,-103.2493,121.6592,-224.9085
1,49,-103.192,121.6592,-224.8512
1,50,-103.184,121.6759,-224.8598
1,51,-103.184,121.7302,-224.9141
1,52,-103.1569,121.7838,-224.9407
1,53,-103.1241,121.8338,-224.9579
1,54,-103.0357,121.8413,-224.877
1,55,-102.9733,121.8414,-224.8147
1,56,-102.9296,121.864,-224.7936
1,57,-102.9296,121.8934,-224.823
1,58,-102.854,121.9619,-224.8159
1,59,-102.785,122.0279,-224.8129
1,60,-102.6959,122.0756,-224.7716
1,61,-102.6547,122.0958,-224.7505
1,62,-102.5471,122.1253,-224.6724
1,63,-102.4588,122.1932,-224.652
1,64,-102.3731,122.2618,-224.6349
1,65,-102.3129,122.3363,-224.6492
1,66,-102.2668,122.3806,-224.6474
1,67,-102.1976,122.4798,-224.6774
1,68,-102.1127,122.5616,-224.6743
1,69,-102.0144,122.6411,-224.6555
1,70,-101.9501,122.7001,-224.6502
1,71,-101.9086,122.7457,-224.6543
1,72,-101.9426,122.8033,-224.7459
1,73,-102.0677,122.8763,-224.944
1,74,-102.2036,122.9615,-225.1651
1,75,-102.3919,123.0381,-225.43
1,76,-102.6094,123.0897,-225.6991
1,77,-102.8729,123.1076,-225.9805
1,78,-103.1654,123.0581,-226.2235
1,79,-103.4685,122.9409,-226.4095
1,80,-103.7476,122.8124,-226.56
1,81,-103.965,122.638,-226.6031
1,82,-104.1619,122.4378,-226.5997
1,83,-104.2272,122.1989,-226.4261
1,84,-104.2272,121.9337,-226.1608
1,85,-104.0797,121.6561,-225.7358
1,86,-103.86,121.3899,-225.2499
1,87,-103.476,121.1637,-224.6397
1,88,-103.0426,120.9715,-224.0142
1,89,-102.6004,120.8387,-223.4391
1,90,-102.2174,120.7982,-223.0156
1,91,-101.866,120.8327,-222.6987
1,92,-101.5577,120.9808,-222.5385
1,93,-101.2158,121.1982,-222.414
1,94,-100.8927,121.5537,-222.4465
1,95,-100.5733,121.9554,-222.5287
1,96,-100.2472,122.3648,-222.6121
1,97,-99.905,122.7279,-222.6328
1,98,-99.5263,123.06,-222.5863
1,99,-99.2863,123.3576,-222.6439
1,100,-99.025,123.6621,-222.6871
1,101,-98.9266,123.9693,-222.8959
1,102,-99.0055,124.2668,-223.2723
1,103,-99.1131,124.5648,-223.6778
1,104,-99.1742,124.8709,-224.0451
1,105,-99.2261,125.1945,-224.4206
1,106,-99.3155,125.5279,-224.8434
1,107,-99.3264,125.7506,-225.077
1,108,-99.2939,125.9923,-225.2863
1,109,-99.2178,126.0886,-225.3064
1,110,-99.1441,126.0339,-225.178
1,111,-99.0232,125.9392,-224.9624
1,112,-99.1441,125.8709,-225.0151
1,113,-99.1309,125.8199,-224.9509
1,114,-99.1255,125.7521,-224.8776
1,115,-99.122,125.705,-224.827
1,116,-99.122,125.7111,-224.8331
1,117,-99.0963,125.7542,-224.8505
1,118,-99.0885,125.8241,-224.9126
1,119,-99.0757,125.8996,-224.9752
1,120,-99.0741,125.993,-225.0671
1,121,-99.057,125.8813,-224.9384
1,122,-99.0618,125.8935,-224.9553
1,123,-98.9926,125.8991,-224.8916
1,124,-99.1283,125.9026,-225.0309
1,125,-99.4753,125.9034,-225.3787
1,126,-99.509,125.9196,-225.4285
1,127,-99.4818,125.9334,-225.4152
1,128,-99.3968,125.9431,-225.3398
1,129,-99.1005,125.9504,-225.0508
1,130,-99.0528,125.957,-225.0098
1,131,-99.057,125.9671,-225.0241
1,132,-98.9804,125.9763,-224.9567
1,133,-98.8871,126.0179,-224.9051
1,134,-98.8871,125.8849,-224.772
1,135,-98.8954,125.5636,-224.4589
1,136,-98.8954,125.5202,-224.4156
1,137,-98.7522,125.5385,-224.2907
1,138,-98.6479,125.6063,-224.2542
1,139,-98.5449,125.825,-224.3699
1,140,-98.4222,125.9529,-224.3752
1,141,-98.3189,125.9704,-224.2893
1,142,-98.1985,126.002,-224.2006
1,143,-98.0643,126.0791,-224.1433
1,144,-97.9347,126.1382,-224.0729
1,145,-97.8816,126.1365,-224.0181
1,146,-97.9561,126.13,-224.0861
1,147,-98.299,126.1398,-224.4389
1,148,-97.9823,126.2723,-224.2546
1,149,-98.3486,126.3691,-224.7177
1,150,-98.6121,126.4645,-225.0766
1,151,-98.7019,126.5751,-225.277
1,152,-98.1642,126.6751,-224.8393
1,153,-98.2767,126.7814,-225.058
1,154,-98.3892,126.9004,-225.2897
1,155,-98.3333,127.0226,-225.3559
1,156,-98.214,127.112,-225.3259
1,157,-97.9932,127.1195,-225.1127
1,158,-97.8069,126.9831,-224.79
1,159,-97.8128,126.7824,-224.5952
1,160,-97.8386,127.0058,-224.8444
1,161,-97.7645,126.6696,-224.434
1,162,-97.6611,126.4257,-224.0867
1,163,-97.6101,126.3344,-223.9445
1,164,-97.5884,126.756,-224.3444
1,165,-97.5798,126.7791,-224.3589
1,166,-97.5798,126.675,-224.2548
1,167,-97.5779,126.6686,-224.2465
1,168,-97.5445,126.7525,-224.297
1,169,-97.5014,126.9067,-224.4081
1,170,-97.4898,127.0987,-224.5885
1,171,-97.4898,127.2168,-224.7066
1,172,-97.5401,127.2072,-224.7473
1,173,-97.825,127.1968,-225.0217
1,174,-98.1298,127.2671,-225.397
1,175,-98.4377,127.3629,-225.8006
1,176,-99.4869,127.4108,-226.8976
1,177,-99.7916,127.4334,-227.225
1,178,-101.0602,127.4435,-228.5037
1,179,-102.3353,127.4456,-229.7808
1,180,-103.6082,127.4467,-231.055
1,181,-104.8813,127.4656,-232.3469
1,182,-106.1457,127.501,-233.6467
1,183,-107.3874,127.5285,-234.9159
1,184,-108.6056,127.5356,-236.1411
1,185,-109.7925,127.5234,-237.3159
1,186,-110.9589,127.4374,-238.3963
1,187,-112.0892,127.1718,-239.2611
1,188,-113.1808,126.8896,-240.0704
1,189,-114.2308,126.6046,-240.8354
1,190,-115.2508,125.6744,-240.9252
1,191,-116.2733,125.296,-241.5693
1,192,-117.2784,124.3183,-241.5967
1,193,-118.1579,123.1396,-241.2975
1,194,-118.8503,121.9601,-240.8104
1,195,-119.3483,120.7814,-240.1297
1,196,-119.9068,119.6063,-239.5131
1,197,-120.3181,118.4435,-238.7617
1,198,-120.4047,117.3004,-237.7051
1,199,-120.5182,116.1792,-236.6974
1,200,-120.5326,115.0835,-235.6161
1,201,-120.5206,114.0063,-234.5269
1,202,-120.4081,112.9603,-233.3684
1,203,-120.1891,111.9483,-232.1374
1,204,-119.9236,110.9718,-230.8954
1,205,-119.6846,110.0221,-229.7067
1,206,-119.4632,109.0759,-228.5391
1,207,-119.3314,108.1398,-227.4712
1,208,-119.3081,107.2767,-226.5848
1,209,-119.3081,106.5489,-225.857
1,210,-119.3381,105.9833,-225.3214
1,211,-119.3869,105.5034,-224.8904
1,212,-119.3869,105.0214,-224.4084
1,213,-119.3913,104.6933,-224.0846
1,214,-119.4175,104.6109,-224.0284
1,215,-119.4767,104.5071,-223.9838
1,216,-119.5944,104.4937,-224.0881
1,217,-119.7591,104.5031,-224.2622
1,218,-119.955,104.5935,-224.5485
1,219,-120.2196,104.7736,-224.9932
1,220,-120.5529,105.0059,-225.5588
1,221,-120.9453,105.2367,-226.182
1,222,-121.3673,105.4493,-226.8165
1,223,-121.8141,105.617,-227.4312
1,224,-122.3304,105.702,-228.0323
1,225,-122.883,105.7173,-228.6002
1,226,-123.4536,105.7114,-229.165
1,227,-124.0397,105.6814,-229.7211
1,228,-124.6606,105.6384,-230.2991
1,229,-125.3471,105.6384,-230.9856
1,230,-126.0887,105.6345,-231.7232
1,231,-126.8381,105.6125,-232.4507
1,232,-127.5864,105.5636,-233.15
1,233,-128.2855,105.4695,-233.755
1,234,-128.9648,105.3324,-234.2973
1,235,-129.639,105.1637,-234.8027
1,236,-130.2962,104.9516,-235.2477
1,237,-130.9651,104.6809,-235.646
1,238,-131.6539,104.3547,-236.0085
1,239,-132.3581,103.9847,-236.3427
1,240,-133.0862,103.5902,-236.6764
1,241,-133.8393,103.171,-237.0103
1,242,-134.5951,102.6929,-237.2879
1,243,-135.3543,102.1815,-237.5359
1,244,-136.1097,101.6547,-237.7644
1,245,-136.8693,101.1146,-237.9839
1,246,-137.634,100.5477,-238.1817
1,247,-138.4126,99.9318,-238.3443
1,248,-139.2421,99.2659,-238.508
1,249,-140.0903,98.5757,-238.666
1,250,-140.9543,97.8825,-238.8368
1,251,-141.8617,97.2064,-239.0681
1,252,-142.8778,96.5643,-239.442
1,253,-143.8993,95.9363,-239.8356
1,254,-144.9181,95.3138,-240.2318
1,255,-145.9244,94.7046,-240.629
1,256,-146.8849,94.0854,-240.9703
1,257,-147.8335,93.4491,-241.2826
1,258,-148.7785,92.7995,-241.578
1,259,-149.749,92.1304,-241.8794
1,260,-150.7399,91.4401,-242.1801
1,261,-151.748,90.7417,-242.4897
1,262,-152.8369,90.0404,-242.8773
1,263,-153.9034,89.3394,-243.2428
1,264,-155.0292,88.6385,-243.6678
1,265,-156.1672,87.9337,-244.101
1,266,-157.4969,87.2226,-244.7195
1,267,-158.9755,86.4942,-245.4697
1,268,-160.5318,85.7244,-246.2562
1,269,-161.9204,84.9384,-246.8589
1,270,-163.1617,84.1398,-247.3016
1,271,-164.1784,83.3045,-247.4829
1,272,-164.8658,82.382,-247.2478
1,273,-165.2548,81.4386,-246.6935
1,274,-165.5538,80.4955,-246.0493
1,275,-165.7411,79.5598,-245.3009
1,276,-165.8641,78.6502,-244.5143
1,277,-165.968,77.7659,-243.7339
1,278,-166.0543,76.8887,-242.9431
1,279,-166.1244,76.007,-242.1314
1,280,-166.1882,75.1041,-241.2923
1,281,-166.2045,74.1837,-240.3882
1,282,-166.196,73.2462,-239.4422
1,283,-166.1773,72.2387,-238.416
1,284,-166.1159,71.2513,-237.3672
1,285,-166.0348,70.2163,-236.2512
1,286,-165.9256,69.1653,-235.0909
1,287,-165.8116,67.9838,-233.7954
1,288,-165.6906,66.6638,-232.3544
1,289,-165.5564,65.2483,-230.8047
1,290,-165.4073,63.8813,-229.2886
1,291,-165.2444,62.6501,-227.8945
1,292,-165.0792,61.5671,-226.6463
1,293,-164.8545,60.6981,-225.5527
1,294,-164.3715,60.1049,-224.4763
1,295,-163.8629,59.7513,-223.6142
1,296,-163.4321,59.475,-222.9071
1,297,-163.504,59.3,-222.804
1,298,-163.5606,59.1805,-222.7412
1,299,-163.6594,59.0812,-222.7406
1,300,-163.7852,58.9972,-222.7824
1,301,-163.9267,58.9274,-222.8541
1,302,-164.0692,58.866,-222.9352
1,303,-164.2002,58.8294,-223.0297
1,304,-164.3344,58.8243,-223.1587
1,305,-164.3135,58.8354,-223.149
1,306,-164.2246,58.8634,-223.088
1,307,-164.155,58.9235,-223.0786
1,308,-164.0983,59.0012,-223.0995
1,309,-164.1419,59.1023,-223.2442
1,310,-164.2051,59.2079,-223.413
1,311,-164.214,59.3197,-223.5337
1,312,-164.214,59.4424,-223.6565
1,313,-164.221,59.5775,-223.7986
1,314,-164.2439,59.7247,-223.9686
1,315,-164.2578,59.8768,-224.1346
1,316,-164.2578,60.0598,-224.3176
1,317,-164.2969,60.379,-224.6759
1,318,-164.3854,60.835,-225.2203
1,319,-164.4958,61.2836,-225.7794
1,320,-164.6352,61.5785,-226.2137
1,321,-164.7703,61.514,-226.2843
1,322,-164.9011,61.4593,-226.3603
1,323,-165.0506,61.3679,-226.4185
1,324,-165.21,61.2519,-226.4619
1,325,-165.4109,61.1223,-226.5332
1,326,-165.658,60.9904,-226.6484
1,327,-166.0387,60.8664,-226.9051
1,328,-166.5707,60.7431,-227.3138
1,329,-167.1265,60.7022,-227.8287
1,330,-167.7009,60.753,-228.454
1,331,-168.3124,60.8278,-229.1402
1,332,-168.952,60.8881,-229.8401
1,333,-169.601,60.9167,-230.5177
1,334,-170.2095,60.8732,-231.0827
1,335,-170.8174,60.8195,-231.6369
1,336,-171.4339,60.8113,-232.2452
1,337,-172.0532,60.8113,-232.8646
1,338,-172.5183,60.8053,-233.3236
1,339,-172.7181,60.7863,-233.5044
1,340,-172.7181,60.7715,-233.4897
1,341,-172.7575,60.7676,-233.5251
1,342,-172.8443,60.7454,-233.5897
1,343,-172.9414,60.6849,-233.6263
1,344,-173.0568,60.5939,-233.6507
1,345,-173.1815,60.4818,-233.6633
1,346,-173.3038,60.3539,-233.6578
1,347,-173.4241,60.2297,-233.6537
1,348,-173.5422,60.1063,-233.6485
1,349,-173.6698,59.9674,-233.6372
1,350,-173.7882,59.8198,-233.6081
1,351,-173.9161,59.6351,-233.5512
1,352,-174.0431,59.4112,-233.4544
1,353,-174.1685,59.083,-233.2515
1,354,-174.3639,58.6292,-232.9932
1,355,-174.6654,58.1227,-232.7881
1,356,-175.1174,57.5986,-232.716
1,357,-175.7878,57.0503,-232.8381
1,358,-176.7192,56.4736,-233.1928
1,359,-177.6657,55.8786,-233.5443
1,360,-178.6386,55.2868,-233.9254
1,361,-179.629,54.7232,-234.3522
1,362,179.3527,54.1592,125.1934
1,363,178.3468,53.5879,124.7589
1,364,177.3612,53.0152,124.3459
1,365,176.4315,52.5744,123.8571
1,366,175.8883,52.3509,123.5374
1,367,175.848,52.3072,123.5408
1,368,175.848,52.2823,123.5657
1,369,175.7923,52.2193,123.573
1,370,175.5824,52.134,123.4485
1,371,175.2523,52.0366,123.2157
1,372,174.8773,51.9266,122.9507
1,373,174.3858,51.8118,122.574
1,374,173.7863,51.699,122.0873
1,375,173.1117,51.5879,121.5238
1,376,172.3396,51.4782,120.8615
1,377,171.5152,51.3601,120.1552
1,378,170.6607,51.2501,119.4106
1,379,169.7981,51.1328,118.6653
1,380,168.926,51.0151,117.911
1,381,168.0488,50.8986,117.1501
1,382,167.1653,50.7411,116.4242
1,383,166.3216,50.5054,115.8162
1,384,165.5252,50.1599,115.3654
1,385,164.7325,49.6616,115.071
1,386,163.8848,48.965,114.9198
1,387,162.9559,48.0992,114.8568
1,388,161.9803,47.2186,114.7618
1,389,160.866,46.316,114.55
1,390,159.494,45.3983,114.0957
1,391,158.1305,44.4568,113.6737
1,392,156.7661,43.5256,113.2405
1,393,155.4053,42.611,112.7943
1,394,154.0611,41.7382,112.3229
1,395,152.7264,41.1182,111.6081
1,396,151.4087,40.8915,110.5172
1,397,150.1228,40.8734,109.2494
1,398,148.8599,40.8509,108.009
1,399,147.6401,40.7487,106.8914
1,400,146.4447,40.5239,105.9209
1,401,145.4582,40.2102,105.2481
1,402,144.4916,39.8508,104.6409
1,403,143.841,39.3924,104.4486
1,404,143.5883,38.8375,104.7508
1,405,143.4483,38.2162,105.2321
1,406,143.666,37.513,106.153
1,407,143.9809,36.7599,107.2211
1,408,144.294,35.9768,108.3172
1,409,144.5288,35.181,109.3478
1,410,144.5758,34.3779,110.1979
1,411,144.5477,33.5685,110.9792
1,412,144.4819,32.7543,111.7276
1,413,144.363,31.948,112.415
1,414,144.2382,31.177,113.0611
1,415,144.1111,30.4404,113.6706
1,416,143.9637,29.7032,114.2605
1,417,143.7874,28.9185,114.8689
1,418,143.5924,28.0594,115.533
1,419,143.3633,27.1603,116.2029
1,420,143.1101,26.1507,116.9594
1,421,142.8251,24.9407,117.8844
1,422,142.5116,23.6759,118.8358
1,423,142.1978,22.4131,119.7847
1,424,141.8969,21.1516,120.7453
1,425,141.5708,19.8983,121.6725
1,426,141.2158,18.6569,122.5589
1,427,140.8447,17.4257,123.419
1,428,140.4086,16.2114,124.1972
1,429,139.8957,15.0238,124.8719
1,430,139.3833,13.8564,125.5268
1,431,138.8837,12.7271,126.1566
1,432,138.3961,11.6186,126.7775
1,433,137.909,10.679,127.2301
1,434,137.4234,9.7799,127.6435
1,435,136.9337,9.0914,127.8423
1,436,136.4185,8.7199,127.6985
1,437,135.9042,8.5431,127.3611
1,438,135.4013,8.5673,126.834
1,439,134.8992,8.8034,126.0958
1,440,134.9046,9.0943,125.8103
1,441,134.9207,9.3679,125.5529
1,442,134.9261,9.5604,125.3657
1,443,134.9315,9.5996,125.3319
1,444,134.9261,9.5736,125.3526
1,445,134.9369,9.5133,125.4236
1,446,134.9422,9.408,125.5342
1,447,134.9583,9.2934,125.6649
1,448,134.9799,9.1763,125.8036
1,449,134.9906,9.0462,125.9444
1,450,134.9906,8.8942,126.0965
1,451,135.0067,8.7223,126.2844
1,452,135.0067,8.5285,126.4782
1,453,135.0228,8.3089,126.7139
1,454,135.0335,8.067,126.9666
1,455,135.0388,7.7985,127.2403
1,456,135.0442,7.5085,127.5357
1,457,135.0496,7.2184,127.8311
1,458,135.0549,6.9397,128.1152
1,459,135.0656,6.6392,128.4264
1,460,135.0763,6.3144,128.762
1,461,135.0655,5.9741,129.0914
1,462,135.0762,5.5886,129.4876
1,463,135.0816,5.1411,129.9405
1,464,135.0655,4.6665,130.399
1,465,135.0655,4.1977,130.8678
1,466,135.0655,3.7394,131.326
1,467,135.0333,3.2883,131.745
1,468,135.0227,2.8379,132.1848
1,469,135.0013,2.388,132.6133
1,470,134.996,1.9338,133.0622
1,471,135.0013,1.4569,133.5445
1,472,134.98,0.9806,133.9994
1,473,134.9746,0.5138,134.4608
2,0,0.0,0.0,0.0
2,1,0.0,0.0,0.0
2,2,0.0,0.0,0.0
2,3,0.0,0.0,0.0
2,4,0.0,0.0,0.0
2,5,0.0,0.0,0.0
2,6,0.0,0.0,0.0
2,7,0.0,0.0,0.0
2,8,0.0,0.0,0.0
2,9,0.0,0.0,0.0
2,10,0.0,0.0,0.0
2,11,0.0,0.0,0.0
2,12,0.0,0.0,0.0
2,13,0.0,0.0,0.0
2,14,0.0,0.0,0.0
2,15,0.0,0.0,0.0
2,16,0.0,0.0,0.0
2,17,0.0,0.0,0.0
2,18,0.0,0.0,0.0
2,19,56.3015,0.0,56.3015
2,20,57.9871,0.0,57.9871
2,21,60.2474,0.0,60.2474
2,22,59.924,0.0,59.924
2,23,60.5163,0.0,60.5163
2,24,60.5163,0.0,60.5163
2,25,50.5968,0.0,50.5968
2,26,42.0654,0.0,42.0654
2,27,32.5139,0.0,32.5139
2,28,29.523,0.0,29.523
2,29,29.0165,0.0,29.0165
2,30,29.1716,0.0,29.1716
2,31,29.262,0.0,29.262
2,32,29.6855,0.0,29.6855
2,33,30.2102,0.0,30.2102
2,34,30.6043,0.0,30.6043
2,35,30.9536,0.0,30.9536
2,36,31.1325,0.0,31.1325
2,37,31.0909,0.0,31.0909
2,38,31.0105,0.0,31.0105
2,39,30.7775,0.0,30.7775
2,40,30.4678,-19.042,49.5098
2,41,30.1694,-19.042,49.2114
2,42,29.8398,-18.5077,48.3474
2,43,29.5221,-17.6912,47.2132
2,44,29.2976,-17.1248,46.4224
2,45,29.1597,-15.8917,45.0513
2,46,29.0737,-15.1301,44.2039
2,47,29.0191,-15.2602,44.2793
2,48,28.948,-15.3917,44.3397
2,49,28.8717,-15.1913,44.063
2,50,28.822,-14.9299,43.7519
2,51,28.8082,-14.8272,43.6354
2,52,28.8056,-14.8272,43.6328
2,53,28.7933,-16.9537,45.747
2,54,28.8101,-21.7077,50.5178
2,55,28.7598,-25.7218,54.4816
2,56,28.6895,-30.1756,58.8651
2,57,28.6362,-33.2234,61.8596
2,58,28.6287,-39.1213,67.75
2,59,28.6121,-42.3292,70.9414
2,60,28.6462,-44.3147,72.9609
2,61,28.6462,-45.4784,74.1246
2,62,28.661,-45.9998,74.6607
2,63,28.7059,-46.2241,74.93
2,64,28.7739,-46.291,75.0649
2,65,28.7739,-46.2176,74.9915
2,66,28.8038,-46.1615,74.9653
2,67,28.8864,-46.1171,75.0035
2,68,29.0385,-46.0785,75.117
2,69,29.2451,-45.8649,75.11
2,70,29.5151,-45.6869,75.202
2,71,29.8343,-45.4402,75.2745
2,72,30.2126,-45.2105,75.4231
2,73,30.6428,-45.0081,75.6509
2,74,31.1092,-44.83,75.9392
2,75,31.6546,-44.6625,76.3171
2,76,32.2202,-44.5006,76.7209
2,77,32.8451,-44.3681,77.2133
2,78,33.5537,-44.2837,77.8374
2,79,34.3052,-44.212,78.5173
2,80,35.1783,-44.232,79.4103
2,81,36.33,-44.2501,80.5802
2,82,37.6372,-44.2857,81.9229
2,83,39.6691,-44.3215,83.9907
2,84,41.7679,-44.407,86.175
2,85,43.9744,-44.5127,88.4871
2,86,46.107,-44.6356,90.7426
2,87,48.2645,-44.7778,93.0423
2,88,50.6396,-44.9151,95.5548
2,89,52.4041,-45.0536,97.4577
2,90,51.3745,-45.1871,96.5616
2,91,51.3745,-45.3415,96.716
2,92,51.3716,-45.4879,96.8594
2,93,51.3026,-45.6369,96.9395
2,94,51.1208,-45.7795,96.9003
2,95,50.5807,-45.8955,96.4761
2,96,49.9349,-45.9972,95.9321
2,97,49.3363,-46.0789,95.4151
2,98,48.788,-46.142,94.93
2,99,48.2503,-46.1965,94.4469
2,100,47.689,-46.2362,93.9252
2,101,47.15,-46.2728,93.4228
2,102,46.5558,-46.2983,92.854
2,103,46.0171,-46.3226,92.3396
2,104,45.5372,-46.3552,91.8924
2,105,45.1009,-46.3871,91.488
2,106,44.7345,-46.4217,91.1562
2,107,44.4053,-46.4563,90.8616
2,108,44.1301,-46.4844,90.6145
2,109,43.8864,-46.5071,90.3935
2,110,43.6434,-46.5238,90.1671
2,111,43.4604,-46.5301,89.9905
2,112,43.2747,-46.5355,89.8102
2,113,43.1118,-46.5367,89.6485
2,114,42.9703,-46.5379,89.5082
2,115,42.8495,-46.5434,89.3928
2,116,42.7734,-46.5489,89.3223
2,117,42.7157,-46.5442,89.2599
2,118,42.6593,-46.5366,89.1959
2,119,42.6411,-46.5468,89.1879
2,120,42.6396,-46.5698,89.2094
2,121,42.6687,-46.5962,89.2649
2,122,42.6795,-46.6284,89.3079
2,123,42.6939,-46.6586,89.3525
2,124,42.7291,-46.6832,89.4123
2,125,42.8083,-46.7071,89.5154
2,126,42.9101,-46.7107,89.6208
2,127,43.0776,-46.7141,89.7917
2,128,43.2749,-46.7209,89.9957
2,129,43.481,-46.7284,90.2094
2,130,43.6738,-46.722,90.3958
2,131,43.8761,-46.7065,90.5826
2,132,44.0049,-46.6973,90.7022
2,133,44.1117,-46.6973,90.809
2,134,44.1805,-46.6959,90.8764
2,135,44.2419,-46.6891,90.931
2,136,44.2878,-46.682,90.9698
2,137,44.2878,-46.6615,90.9493
2,138,44.288,-46.641,90.929
2,139,44.288,-46.6118,90.8997
2,140,44.2804,-46.5808,90.8612
2,141,44.2427,-46.5696,90.8123
2,142,44.167,-46.5696,90.7366
2,143,43.9565,-46.5635,90.52
2,144,43.7472,-46.5499,90.297
2,145,43.5028,-46.5301,90.033
2,146,43.2461,-46.4925,89.7385
2,147,42.9481,-46.4529,89.401
2,148,42.6327,-46.3836,89.0162
2,149,42.3138,-46.3143,88.628
2,150,41.9756,-46.2234,88.199
2,151,41.5802,-46.1291,87.7093
2,152,41.1889,-46.0155,87.2044
2,153,40.8349,-45.8924,86.7273
2,154,40.4972,-45.7586,86.2557
2,155,40.2424,-45.613,85.8554
2,156,39.9954,-45.4597,85.4551
2,157,39.8433,-45.2874,85.1307
2,158,39.7523,-45.1125,84.8648
2,159,39.7523,-44.9167,84.669
2,160,39.7027,-44.7201,84.4228
2,161,39.4058,-44.5095,83.9153
2,162,39.0955,-44.2966,83.3921
2,163,38.7858,-44.0588,82.8447
2,164,38.4768,-43.81,82.2869
2,165,38.215,-43.5566,81.7716
2,166,37.9563,-43.2988,81.2551
2,167,37.6771,-43.0319,80.709
2,168,37.4792,-42.7473,80.2265
2,169,37.5131,-42.457,79.9701
2,170,37.5131,-42.1347,79.6478
2,171,37.607,-41.8107,79.4177
2,172,37.795,-41.4704,79.2654
2,173,38.0332,-41.127,79.1602
2,174,38.4087,-40.7443,79.153
2,175,38.8824,-40.3458,79.2281
2,176,39.4038,-39.8796,79.2834
2,177,39.9264,-39.3547,79.2812
2,178,40.4678,-38.8033,79.2711
2,179,41.0466,-38.2089,79.2556
2,180,41.7161,-37.5581,79.2742
2,181,42.6022,-36.6391,79.2413
2,182,43.5437,-35.7028,79.2465
2,183,44.6194,-34.7546,79.374
2,184,45.7001,-33.7922,79.4924
2,185,46.8851,-32.8021,79.6872
2,186,48.0874,-31.7933,79.8807
2,187,49.4877,-30.8065,80.2941
2,188,50.9792,-29.8342,80.8134
2,189,52.5761,-28.8561,81.4322
2,190,54.1911,-27.8745,82.0657
2,191,55.8197,-26.8682,82.688
2,192,57.4163,-25.7912,83.2075
2,193,59.0464,-24.7004,83.7469
2,194,60.6405,-23.8995,84.54
2,195,62.182,-23.0925,85.2745
2,196,63.6525,-23.3225,86.975
2,197,65.0784,-23.7911,88.8695
2,198,66.4282,-23.969,90.3972
2,199,67.6925,-23.969,91.6615
2,200,68.912,-23.9696,92.8815
2,201,70.0573,-23.9709,94.0282
2,202,71.1582,-23.9793,95.1375
2,203,72.2115,-24.0107,96.2222
2,204,73.222,-24.0441,97.2661
2,205,74.3181,-24.1275,98.4456
2,206,75.4151,-24.21,99.6251
2,207,76.5225,-24.4345,100.9571
2,208,76.5329,-24.6792,101.2121
2,209,76.5407,-24.9595,101.5001
2,210,76.5304,-25.2533,101.7837
2,211,76.5225,-25.5373,102.0599
2,212,76.5147,-25.8114,102.3261
2,213,76.4653,-26.0757,102.541
2,214,76.4135,-26.3282,102.7417
2,215,76.4057,-26.574,102.9797
2,216,76.3335,-26.8229,103.1564
2,217,76.2898,-27.0646,103.3544
2,218,76.2975,-27.3226,103.62
2,219,76.2718,-27.5764,103.8482
2,220,76.1463,-27.8268,103.9731
2,221,76.1131,-28.0719,104.185
2,222,76.0774,-28.3302,104.4076
2,223,75.9341,-28.6019,104.536
2,224,75.8108,-28.8632,104.6741
2,225,75.6729,-29.1106,104.7835
2,226,75.8286,-29.3505,105.1791
2,227,75.6729,-29.5717,105.2446
2,228,75.616,-29.7879,105.4039
2,229,75.5305,-29.9907,105.5212
2,230,75.4319,-30.1883,105.6201
2,231,75.3695,-30.3651,105.7345
2,232,75.3435,-30.5317,105.8752
2,233,75.3435,-30.6898,106.0333
3,0,0.0,0.0,0.0
3,1,72.5645,-80.4478,153.0124
3,2,72.5645,-80.4478,153.0124
3,3,72.5645,-80.4478,153.0124
3,4,72.5645,-80.4478,153.0124
3,5,72.5645,-80.4478,153.0123
3,6,72.5645,-80.4478,153.0124
3,7,72.5645,-80.4478,153.0123
3,8,72.5645,-80.4478,153.0124
3,9,72.5645,-80.4479,153.0124
3,10,72.5644,-80.4479,153.0123
3,11,72.5645,-80.4478,153.0123
3,12,72.5646,-80.4478,153.0124
3,13,72.5645,-80.4479,153.0123
3,14,72.5645,-80.4479,153.0124
3,15,72.5644,-80.4478,153.0123
3,16,72.5645,-80.4479,153.0124
3,17,72.5645,-80.4479,153.0124
3,18,72.5645,-80.4479,153.0124
3,19,72.5645,-80.4479,153.0124
3,20,72.5645,-80.4479,153.0124
3,21,72.5645,-80.4479,153.0124
3,22,72.5645,-80.4478,153.0124
3,23,72.5645,-80.4478,153.0123
3,24,72.5645,-80.4479,153.0124
3,25,72.5645,-80.4479,153.0124
3,26,72.5645,-80.4478,153.0124
3,27,72.5645,-80.4479,153.0123
3,28,72.5645,-80.4479,153.0124
3,29,72.5645,-80.4479,153.0124
3,30,72.5645,-80.4479,153.0123
3,31,72.5645,-80.4478,153.0123
3,32,72.5645,-80.4478,153.0123
3,33,72.5646,-80.4479,153.0124
3,34,72.5645,-80.4479,153.0123
3,35,72.5645,-80.4479,153.0123
3,36,72.5645,-80.4479,153.0124
3,37,72.5646,-80.4479,153.0124
3,38,72.5645,-80.4479,153.0123
3,39,72.5645,-80.4479,153.0124
3,40,72.5645,-80.4479,153.0124
3,41,72.5646,-80.4478,153.0124
3,42,72.5645,-80.4478,153.0123
3,43,72.5645,-80.4479,153.0124
3,44,72.5645,-80.4479,153.0124
3,45,72.5645,-80.4478,153.0123
3,46,72.5645,-80.4479,153.0124
3,47,72.5746,-80.4479,153.0224
3,48,72.5878,-80.4479,153.0356
3,49,72.5977,-80.4479,153.0456
3,50,72.6078,-80.4479,153.0556
3,51,72.6309,-80.4479,153.0788
3,52,72.6642,-80.4479,153.1121
3,53,72.6742,-80.4479,153.1221
3,54,72.6842,-80.4479,153.132
3,55,72.6942,-80.4479,153.1421
3,56,72.7074,-80.4479,153.1553
3,57,72.6642,-80.4479,153.1121
3,58,72.6309,-80.4479,153.0787
3,59,72.6078,-80.4479,153.0556
3,60,72.5645,-80.4479,153.0124
3,61,72.4749,-80.4478,152.9227
3,62,72.3156,-80.4478,152.7634
3,63,72.2227,-80.4478,152.6705
3,64,72.0471,-80.4479,152.495
3,65,71.9276,-80.4479,152.3755
3,66,71.8817,-80.4479,152.3296
3,67,71.8391,-80.4478,152.287
3,68,71.8564,-80.4478,152.3042
3,69,71.9592,-80.4478,152.4071
3,70,71.5947,-80.4478,152.0425
3,71,71.8746,-80.4479,152.3225
3,72,71.8746,-80.4479,152.3225
3,73,71.929,-80.4479,152.3768
3,74,72.0352,-80.4478,152.483
3,75,72.3919,-80.4478,152.8397
3,76,72.5895,-80.4478,153.0373
3,77,73.3388,-80.4478,153.7866
3,78,74.1059,-80.4479,154.5537
3,79,74.8746,-80.4479,155.3225
3,80,75.6957,-80.4479,156.1436
3,81,76.5567,-80.4479,157.0046
3,82,77.5462,-80.4479,157.9941
3,83,78.7092,-80.4479,159.157
3,84,80.0339,-80.4479,160.4817
3,85,81.437,-80.4479,161.8848
3,86,82.9021,-80.4479,163.3499
3,87,84.4109,-80.4448,164.8557
3,88,85.9758,-80.4394,166.4152
3,89,87.5666,-80.4329,167.9995
3,90,89.2114,-80.4258,169.6373
3,91,90.8941,-80.4202,171.3143
3,92,92.6116,-80.415,173.0266
3,93,94.3751,-80.4096,174.7847
3,94,96.1762,-80.4038,176.58
3,95,98.0085,-80.3915,178.4
3,96,99.8712,-80.3782,180.2494
3,97,101.7433,-80.3604,182.1038
3,98,103.6081,-80.3465,183.9546
3,99,105.4375,-80.3412,185.7787
3,100,107.1753,-80.3358,187.5112
3,101,108.8703,-80.3306,189.2009
3,102,110.4723,-80.3252,190.7975
3,103,111.9459,-80.3199,192.2658
3,104,113.165,-80.3134,193.4784
3,105,114.1996,-80.3064,194.506
3,106,114.8906,-80.3232,195.2138
3,107,115.4736,-80.3462,195.8199
3,108,115.9615,-80.3644,196.326
3,109,116.4409,-80.382,196.8228
3,110,116.9331,-80.3943,197.3274
3,111,117.4786,-80.4082,197.8868
3,112,118.2021,-80.4313,198.6333
3,113,119.0956,-80.4612,199.5568
3,114,119.9563,-80.5089,200.4652
3,115,120.8359,-80.5715,201.4074
3,116,121.7044,-80.6563,202.3606
3,117,122.5735,-80.7226,203.2961
3,118,123.4692,-80.772,204.2412
3,119,124.4196,-80.8498,205.2694
3,120,125.3485,-80.9433,206.2918
3,121,126.2813,-81.0139,207.2952
3,122,127.2112,-81.0775,208.2887
3,123,128.1564,-81.1064,209.2628
3,124,129.1243,-81.1308,210.2551
3,125,130.0812,-81.1534,211.2346
3,126,131.0217,-81.1721,212.1937
3,127,131.9395,-81.1629,213.1024
3,128,132.8541,-81.1423,213.9965
3,129,133.7539,-81.0877,214.8416
3,130,134.6454,-81.1254,215.7707
3,131,135.5472,-81.3195,216.8667
3,132,136.4424,-81.3444,217.7869
3,133,137.3318,-81.1954,218.5272
3,134,138.2217,-81.1378,219.3595
3,135,139.0947,-81.1378,220.2324
3,136,139.937,-81.1165,221.0535
3,137,140.7556,-81.0876,221.8432
3,138,141.5432,-81.0351,222.5783
3,139,142.3073,-80.9784,223.2858
3,140,143.0607,-80.7924,223.853
3,141,143.8439,-80.6102,224.4541
3,142,144.6067,-80.5056,225.1124
3,143,145.3602,-80.3365,225.6967
3,144,146.1024,-79.9396,226.042
3,145,146.8253,-79.5364,226.3616
3,146,147.4896,-79.129,226.6186
3,147,148.1391,-78.7201,226.8592
3,148,148.7144,-78.3107,227.0252
3,149,149.183,-77.8861,227.0692
3,150,149.5691,-77.4476,227.0167
3,151,149.8124,-76.9976,226.81
3,152,149.9624,-76.5364,226.4988
3,153,150.1001,-76.0251,226.1252
3,154,150.2265,-75.4938,225.7203
3,155,150.3753,-74.8845,225.2599
3,156,150.5312,-74.2547,224.7859
3,157,150.6901,-73.5543,224.2444
3,158,151.122,-72.8377,223.9598
3,159,151.5604,-72.0939,223.6543
3,160,152.005,-71.3346,223.3397
3,161,152.4586,-70.5563,223.0149
3,162,152.4642,-69.7656,222.2297
3,163,152.4032,-68.9625,221.3657
3,164,152.3232,-68.1433,220.4665
3,165,152.4685,-67.309,219.7775
3,166,152.4091,-66.4684,218.8776
3,167,152.3627,-65.6189,217.9816
3,168,152.3569,-64.752,217.1089
3,169,152.3624,-63.8726,216.235
3,170,152.3595,-62.9823,215.3418
3,171,152.3269,-62.0817,214.4086
3,172,152.3267,-61.1712,213.4979
3,173,152.3296,-60.2501,212.5797
3,174,152.3296,-59.3138,211.6434
3,175,152.3412,-58.3675,210.7087
3,176,152.376,-57.4098,209.7858
3,177,152.4736,-56.4433,208.9169
3,178,152.6698,-55.4682,208.138
3,179,152.8472,-54.4836,207.3307
3,180,152.8362,-53.4918,206.3279
3,181,152.8251,-52.4965,205.3216
3,182,152.8279,-51.4999,204.3278
3,183,152.8113,-50.5053,203.3166
3,184,152.8003,-49.5135,202.3138
3,185,152.7921,-48.5352,201.3273
3,186,152.7811,-47.5646,200.3456
3,187,152.7755,-46.635,199.4105
3,188,152.7645,-45.7163,198.4809
3,189,152.7232,-44.8106,197.5338
3,190,152.6203,-43.9231,196.5434
3,191,152.4083,-43.068,195.4763
3,192,152.2779,-42.2419,194.5198
3,193,152.2593,-41.4566,193.7159
3,194,152.3296,-40.7393,193.0688
3,195,152.4226,-40.0912,192.5139
3,196,152.668,-39.502,192.17
3,197,152.6625,-38.9537,191.6162
3,198,152.668,-38.537,191.205
3,199,152.6625,-38.172,190.8345
3,200,152.6515,-37.851,190.5024
3,201,152.6404,-37.5443,190.1847
3,202,152.6211,-37.2806,189.9017
3,203,152.6101,-37.0239,189.634
3,204,152.6046,-36.7665,189.371
3,205,152.5145,-36.5114,189.026
3,206,152.3611,-36.248,188.6091
3,207,152.297,-35.977,188.274
3,208,152.3296,-35.686,188.0155
3,209,152.3172,-35.3512,187.6684
3,210,152.3249,-34.9663,187.2912
3,211,152.3254,-34.5269,186.8523
3,212,152.3476,-34.0527,186.4003
3,213,152.3658,-33.5879,185.9537
3,214,152.3974,-33.1322,185.5296
3,215,152.4057,-32.6632,185.0689
3,216,152.4112,-32.1985,184.6097
3,217,152.4251,-31.7325,184.1575
3,218,152.4554,-31.2734,183.7288
3,219,152.4693,-30.8077,183.277
3,220,152.4747,-30.3446,182.8193
3,221,152.4525,-29.8659,182.3183
3,222,152.3948,-29.3813,181.7761
3,223,152.3337,-28.8744,181.2081
3,224,152.2752,-28.374,180.6493
3,225,152.2421,-27.8796,180.1217
3,226,152.2476,-27.3837,179.6313
3,227,152.3296,-26.888,179.2176
3,228,152.3182,-26.3915,178.7097
3,229,152.3152,-25.8983,178.2135
3,230,152.3152,-25.395,177.7102
3,231,152.3107,-24.8943,177.2051
3,232,152.3037,-24.3777,176.6814
3,233,152.2969,-23.8654,176.1623
3,234,152.2805,-23.3535,175.634
3,235,152.256,-22.8475,175.1035
3,236,152.2368,-22.3451,174.5819
3,237,152.2316,-21.8492,174.0808
3,238,152.2345,-21.3597,173.5942
3,239,152.2228,-20.8724,173.0952
3,240,152.2138,-20.3854,172.5992
3,241,152.2045,-19.9026,172.107
3,242,152.1954,-19.4242,171.6196
3,243,152.2114,-18.9474,171.1588
3,244,152.2052,-18.4741,170.6793
3,245,152.252,-17.994,170.2461
3,246,152.3015,-17.5158,169.8173
3,247,152.3015,-17.0371,169.3386
3,248,152.3073,-16.5629,168.8702
3,249,152.3253,-16.0873,168.4127
3,250,152.3605,-15.6155,167.976
3,251,152.3663,-15.1403,167.5066
3,252,152.4214,-14.67,167.0915
3,253,152.4388,-14.2045,166.6433
3,254,152.3871,-13.7465,166.1336
3,255,152.2902,-13.2978,165.5881
3,256,152.2092,-12.8558,165.065
3,257,152.1953,-12.4204,164.6157
3,258,152.1976,-11.9943,164.1919
3,259,152.2414,-11.576,163.8175
3,260,152.2849,-11.165,163.4499
3,261,152.4019,-10.7598,163.1617
3,262,152.4772,-10.3565,162.8337
3,263,152.5831,-9.9575,162.5406
3,264,152.7639,-9.5389,162.3028
3,265,152.9215,-9.1248,162.0463
3,266,152.949,-8.7172,161.6662
3,267,152.9903,-8.3134,161.3037
3,268,153.0288,-7.9114,160.9402
3,269,153.0481,-7.513,160.5611
3,270,153.0509,-7.1176,160.1684
3,271,153.0509,-6.7275,159.7784
3,272,153.0124,-6.3429,159.3552
4,0,0.0,0.0,0.0
4,1,167.7158,-4.1143,171.8301
4,2,167.7157,-4.1144,171.8301
4,3,167.7158,-4.1144,171.8301
4,4,167.7158,-4.1144,171.8302
4,5,167.7158,-4.1143,171.8301
4,6,167.7158,-4.1143,171.8301
4,7,167.7157,-4.1143,171.83
4,8,167.7157,-4.1143,171.8301
4,9,167.7157,-4.1144,171.8301
4,10,167.7157,-4.1144,171.8301
4,11,167.7158,-4.1144,171.8302
4,12,167.7157,-4.1144,171.8301
4,13,167.7158,-4.1144,171.8301
4,14,167.7158,-4.1144,171.8302
4,15,167.7157,-4.1144,171.8301
4,16,167.7158,-4.1144,171.8301
4,17,167.7158,-4.1144,171.8302
4,18,167.7157,-4.1144,171.8301
4,19,167.7158,-4.1143,171.8301
4,20,167.7157,-4.1144,171.8301
4,21,167.7157,-4.1144,171.8301
4,22,167.7158,-4.1144,171.8301
4,23,167.7157,-4.1143,171.8301
4,24,167.7157,-4.1143,171.8301
4,25,167.7158,-4.1144,171.8301
4,26,167.7157,-4.1144,171.8301
4,27,167.7158,-4.1144,171.8301
4,28,167.7158,-4.1144,171.8302
4,29,167.7157,-4.1144,171.8301
4,30,167.7158,-4.1144,171.8301
4,31,167.7158,-4.1144,171.8302
4,32,167.7157,-4.1144,171.8301
4,33,167.7158,-4.1144,171.8301
4,34,167.7157,-4.1144,171.8301
4,35,167.7157,-4.1144,171.8301
4,36,167.7158,-4.1144,171.8301
4,37,167.7157,-4.1144,171.8301
4,38,167.7157,-4.1144,171.8301
4,39,167.7158,-4.1144,171.8301
4,40,167.7157,-4.1144,171.8301
4,41,167.7158,-4.1144,171.8301
4,42,167.7158,-4.1144,171.8301
4,43,167.7157,-4.1144,171.8301
4,44,167.7158,-4.1144,171.8301
4,45,167.7158,-4.1144,171.8301
4,46,167.7157,-4.1144,171.8301
4,47,167.7002,-4.1144,171.8146
4,48,167.6652,-4.1144,171.7796
4,49,167.5993,-4.1144,171.7137
4,50,167.523,-4.1144,171.6373
4,51,167.4535,-4.1144,171.5679
4,52,167.3866,-4.1144,171.501
4,53,167.2955,-4.1144,171.4099
4,54,167.1995,-4.1144,171.3138
4,55,167.0989,-4.1144,171.2133
4,56,166.9923,-4.1144,171.1067
4,57,166.8527,-4.1144,170.9671
4,58,166.7241,-4.1144,170.8385
4,59,166.5971,-4.1144,170.7114
4,60,166.4652,-4.1144,170.5796
4,61,166.3467,-4.1144,170.4611
4,62,166.2319,-4.1144,170.3463
4,63,166.0931,-4.1144,170.2074
4,64,165.9201,-4.1158,170.0359
4,65,165.732,-4.127,169.859
4,66,165.5231,-4.1486,169.6718
4,67,165.5282,-4.1817,169.7099
4,68,165.5479,-4.2289,169.7768
4,69,165.3925,-4.2839,169.6763
4,70,165.4348,-4.336,169.7709
4,71,165.4518,-4.3856,169.8374
4,72,165.5097,-4.4337,169.9434
4,73,165.5859,-4.496,170.0819
4,74,165.684,-4.563,170.247
4,75,165.9008,-4.6319,170.5326
4,76,166.0716,-4.7046,170.7762
4,77,166.3592,-4.7799,171.1391
4,78,166.4146,-4.8622,171.2768
4,79,166.4111,-4.9626,171.3737
4,80,166.4094,-5.0567,171.4661
4,81,166.4127,-5.1488,171.5615
4,82,166.4111,-5.2401,171.6512
4,83,166.4094,-5.3353,171.7448
4,84,166.4059,-5.4238,171.8297
4,85,166.4111,-5.5082,171.9193
4,86,166.3954,-5.5907,171.9861
4,87,166.3781,-5.6894,172.0675
4,88,166.373,-5.8022,172.1752
4,89,166.3592,-5.9279,172.2871
4,90,166.3608,-6.0635,172.4243
4,91,166.366,-6.2101,172.5761
4,92,166.354,-6.3057,172.6597
4,93,166.3506,-6.3021,172.6527
4,94,166.3403,-6.2883,172.6286
4,95,166.3352,-6.3469,172.6821
4,96,166.3266,-6.4319,172.7586
4,97,166.3061,-6.4014,172.7076
4,98,166.284,-6.3855,172.6695
4,99,166.2364,-6.3612,172.5976
4,100,166.2195,-6.3192,172.5387
4,101,166.1569,-6.2643,172.4212
4,102,166.1029,-6.1995,172.3024
4,103,166.0255,-6.1079,172.1334
4,104,165.9751,-5.9518,171.9269
4,105,165.7718,-5.8241,171.5959
4,106,165.5918,-5.6618,171.2536
4,107,165.4382,-5.4678,170.906
4,108,165.4052,-5.4279,170.8331
4,109,165.4178,-5.4173,170.8351
4,110,165.5698,-5.4194,170.9892
4,111,165.7216,-5.4206,171.1422
4,112,165.7671,-5.4185,171.1856
4,113,165.8274,-5.418,171.2455
4,114,165.8861,-5.4192,171.3053
4,115,165.9751,-5.4204,171.3955
4,116,166.0003,-5.4226,171.4229
4,117,166.0491,-5.4229,171.472
4,118,166.0912,-5.4192,171.5103
4,119,166.1487,-5.43,171.5787
4,120,166.2195,-5.442,171.6614
4,121,166.2297,-5.4527,171.6825
4,122,166.2943,-5.4564,171.7507
4,123,166.3045,-5.4651,171.7696
4,124,166.3096,-5.4704,171.7801
4,125,166.3215,-5.4692,171.7906
4,126,166.3163,-5.4655,171.7818
4,127,166.3061,-5.4696,171.7757
4,128,166.2993,-5.4767,171.776
4,129,166.301,-5.4792,171.7801
4,130,166.2943,-5.4859,171.7802
4,131,166.2959,-5.4916,171.7875
4,132,166.3147,-5.4955,171.8101
4,133,166.3147,-5.5016,171.8163
4,134,166.3061,-5.5138,171.8199
4,135,166.2943,-5.5289,171.8232
4,136,166.284,-5.5448,171.8288
4,137,166.2738,-5.5776,171.8515
4,138,166.2568,-5.6002,171.857
4,139,166.2314,-5.617,171.8484
4,140,166.2195,-5.6621,171.8816
4,141,166.2077,-5.7025,171.9102
4,142,166.2026,-5.7475,171.9501
4,143,166.2195,-5.8033,172.0227
4,144,166.2246,-5.84,172.0646
4,145,166.2297,-5.941,172.1707
4,146,166.2364,-6.084,172.3205
4,147,166.2568,-6.2137,172.4705
4,148,166.2993,-6.3279,172.6272
4,149,166.366,-6.4019,172.7679
4,150,166.3902,-6.4246,172.8148
4,151,166.4251,-6.4155,172.8407
4,152,166.4263,-6.3418,172.7681
4,153,166.4281,-6.2324,172.6605
4,154,166.4421,-6.123,172.5651
4,155,166.4372,-6.0801,172.5173
4,156,166.4327,-6.0423,172.4749
4,157,167.303,-5.9989,173.3019
4,158,168.1375,-5.9567,174.0942
4,159,168.9423,-5.8991,174.8414
4,160,169.703,-5.8494,175.5524
4,161,170.2637,-5.8312,176.0949
4,162,170.646,-5.7974,176.4434
4,163,170.8333,-5.7648,176.5981
4,164,170.9797,-5.7329,176.7126
4,165,170.9867,-5.6914,176.6782
4,166,170.9867,-5.6428,176.6295
4,167,170.9999,-5.6079,176.6078
4,168,171.1583,-5.6005,176.7589
4,169,171.3973,-5.5548,176.9521
4,170,171.8909,-5.5315,177.4223
4,171,172.6617,-5.5249,178.1866
4,172,173.5491,-5.5212,179.0702
4,173,173.5554,-5.5135,179.0689
4,174,173.5499,-5.5102,179.0601
4,175,173.5452,-5.5141,179.0592
4,176,173.5341,-5.5214,179.0555
4,177,173.5349,-5.5272,179.0621
4,178,173.5357,-5.5305,179.0662
4,179,173.5294,-5.5293,179.0587
4,180,173.5302,-5.5333,179.0636
4,181,173.5294,-5.5353,179.0647
4,182,173.5341,-5.5329,179.067
4,183,173.5349,-5.5194,179.0543
4,184,173.5341,-5.5154,179.0496
4,185,173.5231,-5.5174,179.0405
4,186,173.5357,-5.5236,179.0593
4,187,173.5239,-5.5319,179.0558
4,188,173.5176,-5.5398,179.0574
4,189,173.5231,-5.5472,179.0703
4,190,173.5184,-5.5545,179.0729
4,191,173.5405,-5.5656,179.1061
4,192,173.5011,-5.5802,179.0813
4,193,173.4477,-5.5985,179.0462
4,194,173.4179,-5.6072,179.0251
4,195,173.356,-5.6157,178.9717
4,196,173.2331,-5.6232,178.8563
4,197,172.7754,-5.6269,178.4023
4,198,172.4181,-5.6176,178.0357
4,199,171.8957,-5.6091,177.5048
4,200,171.8471,-5.6054,177.4525
4,201,171.836,-5.6017,177.4377
4,202,171.8279,-5.5972,177.4251
4,203,171.8177,-5.5898,177.4075
4,204,171.2799,-5.5751,176.855
4,205,171.8177,-5.5464,177.3642
4,206,171.993,-5.5073,177.5003
4,207,172.2737,-5.4624,177.7361
4,208,172.7269,-5.4449,178.1719
4,209,172.7306,-5.422,178.1526
4,210,172.7271,-5.4047,178.1318
4,211,172.7192,-5.4038,178.1231
4,212,172.7219,-5.4026,178.1245
4,213,172.7176,-5.3965,178.1141
4,214,172.6858,-5.3886,178.0744
4,215,172.0723,-5.3921,177.4645
4,216,171.824,-5.3955,177.2194
4,217,171.2691,-5.1597,176.4287
4,218,171.0051,-4.5323,175.5373
4,219,171.6081,-3.9317,175.5398
4,220,172.2131,-3.3437,175.5568
4,221,172.7218,-2.7706,175.4924
4,222,172.7227,-2.2227,174.9454
4,223,172.7236,-1.794,174.5176
4,224,172.7201,-1.4462,174.1663
4,225,172.7176,-1.1775,173.8951
4,226,172.7123,-1.0427,173.755
4,227,172.2926,-0.9273,173.2199
4,228,171.8906,-0.8491,172.7397
4,229,171.584,-0.844,172.428
4,230,171.0062,-0.8434,171.8496
4,231,171.0154,-0.8387,171.8541
4,232,171.0143,-0.8182,171.8325
4,233,171.0154,-0.7041,171.7195
4,234,171.3751,-0.5483,171.9235
4,235,171.8148,-0.3159,172.1308
4,236,172.0411,0.0395,172.0016
4,237,172.235,0.583,171.652
4,238,172.3067,1.1848,171.1219
4,239,172.3492,1.7197,170.6295
4,240,172.335,1.7242,170.6108
4,241,172.1845,1.7222,170.4623
4,242,172.0835,1.7184,170.3651
4,243,171.9502,1.715,170.2351
4,244,171.826,1.7071,170.1189
4,245,171.7143,1.7043,170.0099
4,246,171.5916,1.7049,169.8866
4,247,171.5514,1.7055,169.8459
4,248,171.4603,1.7018,169.7585
4,249,171.3868,1.6996,169.6873
4,250,171.3344,1.7001,169.6344
4,251,171.3285,1.6995,169.629
4,252,171.3273,1.7016,169.6257
4,253,171.3176,1.7042,169.6135
4,254,171.3164,1.7047,169.6116
4,255,171.2996,1.7043,169.5954
4,256,171.2942,1.7,169.5942
4,257,171.3023,1.694,169.6083
4,258,171.2942,1.7031,169.5911
4,259,171.2851,1.6995,169.5856
4,260,171.3012,1.6923,169.6089
4,261,171.3093,1.6877,169.6216
4,262,171.3103,1.6912,169.6191
4,263,171.3173,1.6911,169.6262
4,264,171.3646,1.6909,169.6736
4,265,171.4268,1.7068,169.72
4,266,171.571,1.6882,169.8828
4,267,171.608,1.6559,169.9521
4,268,171.6738,1.6175,170.0564
4,269,171.7318,1.596,170.1357
4,270,171.7467,1.5603,170.1864
4,271,171.7826,1.5059,170.2768
4,272,171.8395,1.4174,170.4221
4,273,171.8684,1.1273,170.7411
4,274,171.9173,0.83,171.0873
4,275,171.9452,0.5655,171.3798
4,276,171.9522,0.1893,171.7629
4,277,171.9592,0.0421,171.9171
4,278,171.9662,0.0148,171.9514
4,279,171.9941,0.0067,171.9874
4,280,172.07,0.0006,172.0694
4,281,172.145,-0.0059,172.1509
4,282,172.1851,-0.0578,172.2429
4,283,172.2051,-0.4453,172.6504
4,284,172.2321,-0.2687,172.5008
4,285,172.1981,0.0305,172.1676
4,286,172.192,0.1567,172.0353
4,287,172.1781,0.3551,171.8229
4,288,172.172,0.6272,171.5449
4,289,172.165,0.8973,171.2678
4,290,172.151,0.8999,171.2512
4,291,172.145,0.8985,171.2465
4,292,172.131,0.8947,171.2363
4,293,172.124,0.8891,171.2349
4,294,172.118,0.8911,171.2269
4,295,172.1093,0.8899,171.2194
4,296,172.0474,0.8822,171.1652
4,297,171.9523,0.8593,171.093
4,298,171.8177,0.4834,171.3344
4,299,171.8188,0.161,171.6577
4,300,171.8421,-0.0323,171.8744
4,301,171.9843,-0.4321,172.4164
4,302,172.2072,-0.6898,172.897
4,303,172.3637,-0.7002,173.064
4,304,172.3175,-0.2658,172.5833
4,305,172.2853,0.1696,172.1157
4,306,172.2051,0.57,171.6351
4,307,172.117,0.8917,171.2253
4,308,172.063,0.8924,171.1706
4,309,172.0421,0.893,171.149
4,310,172.0151,0.8926,171.1225
4,311,172.0011,0.8901,171.111
4,312,171.9313,0.8883,171.043
4,313,171.8824,0.8853,170.9971
4,314,171.8395,0.8279,171.0116
4,315,171.7896,0.5256,171.264
4,316,171.7756,0.2335,171.5421
4,317,171.7687,-0.0284,171.7971
4,318,171.7607,-0.2518,172.0125
4,319,171.7108,-0.6682,172.379
4,320,171.6958,-0.8198,172.5156
4,321,171.7028,-0.8149,172.5177
4,322,171.7318,-0.8157,172.5474
4,323,171.8036,-0.8151,172.6187
4,324,171.8185,-0.6958,172.5143
4,325,171.8395,-0.4327,172.2722
4,326,171.7687,-0.1162,171.8849
4,327,171.7607,0.0959,171.6648
4,328,171.7318,0.2519,171.4798
4,329,171.7108,0.3916,171.3192
4,330,171.6888,0.4516,171.2372
4,331,171.6738,0.4924,171.1815
4,332,171.6599,0.5178,171.1421
4,333,171.6519,0.5076,171.1443
4,334,171.6449,0.4248,171.2201
4,335,171.6369,0.3289,171.308
4,336,171.6139,0.2562,171.3578
4,337,171.6229,0.161,171.462
4,338,171.6599,0.0688,171.5911
4,339,171.6888,-0.019,171.7078
4,340,171.6897,-0.0995,171.7892
4,341,171.7008,-0.1862,171.887
4,342,171.6977,-0.2503,171.9481
4,343,171.6926,-0.28,171.9726
4,344,171.6527,-0.3456,171.9983
4,345,171.5987,-0.4032,172.0019
4,346,171.5699,-0.4524,172.0224
4,347,171.5606,-0.4901,172.0507
4,348,171.6338,-0.4994,172.1332
4,349,171.7783,-0.5021,172.2804
4,350,171.8177,-0.5034,172.3211
4,351,171.8188,-0.5103,172.3291
4,352,171.8218,-0.5131,172.3349
4,353,171.8238,-0.5174,172.3412
4,354,171.8249,-0.5294,172.3543
4,355,171.8208,-0.534,172.3549
4,356,171.8218,-0.5329,172.3547
4,357,171.8229,-0.5286,172.3515
4,358,171.8158,-0.5344,172.3502
4,359,171.8188,-0.5408,172.3596
4,360,171.8138,-0.5409,172.3547
4,361,171.8148,-0.5293,172.3441
4,362,171.8178,-0.5233,172.3411
4,363,171.8209,-0.5204,172.3413
4,364,171.8148,-0.5188,172.3337
4,365,171.8138,-0.5138,172.3276
4,366,171.821,-0.4855,172.3065
4,367,171.8251,-0.447,172.2721
4,368,171.8301,-0.4008,172.2309
5,0,0.0,0.0,0.0
5,1,177.7447,-4.419,182.1637
5,2,177.7447,-4.419,182.1637
5,3,177.7447,-4.419,182.1637
5,4,177.7447,-4.419,182.1637
5,5,177.7447,-4.419,182.1637
5,6,177.7447,-4.419,182.1637
5,7,177.7447,-4.419,182.1637
5,8,177.7447,-4.419,182.1637
5,9,177.7447,-4.419,182.1637
5,10,177.7447,-4.419,182.1637
5,11,177.7447,-4.419,182.1637
5,12,177.7447,-4.419,182.1637
5,13,177.7447,-4.419,182.1637
5,14,177.7447,-4.419,182.1637
5,15,177.7447,-4.419,182.1637
5,16,177.7447,-4.419,182.1637
5,17,177.7447,-4.419,182.1637
5,18,177.7447,-4.419,182.1637
5,19,177.7447,-4.419,182.1637
5,20,177.7447,-4.419,182.1637
5,21,177.7447,-4.419,182.1637
5,22,177.7447,-4.419,182.1637
5,23,177.7447,-4.419,182.1637
5,24,177.7447,-4.419,182.1637
5,25,177.7447,-4.419,182.1637
5,26,177.7447,-4.419,182.1637
5,27,177.7447,-4.419,182.1637
5,28,177.7447,-4.419,182.1637
5,29,177.7447,-4.419,182.1637
5,30,177.7447,-4.419,182.1637
5,31,177.7447,-4.419,182.1637
5,32,177.7447,-4.419,182.1637
5,33,177.7447,-4.419,182.1637
5,34,177.7447,-4.419,182.1637
5,35,177.7447,-4.419,182.1637
5,36,177.7447,-4.419,182.1637
5,37,177.7447,-4.419,182.1637
5,38,177.7447,-4.419,182.1637
5,39,177.7447,-4.419,182.1637
5,40,177.7447,-4.419,182.1637
5,41,177.7447,-4.419,182.1637
5,42,177.7447,-4.419,182.1637
5,43,177.7447,-4.419,182.1637
5,44,177.7447,-4.419,182.1637
5,45,177.7447,-4.419,182.1637
5,46,177.7447,-4.419,182.1637
5,47,177.7447,-4.419,182.1637
5,48,177.7447,-4.419,182.1637
5,49,177.7447,-4.419,182.1637
5,50,177.7333,-4.419,182.1523
5,51,177.7162,-4.419,182.1352
5,52,177.7162,-4.419,182.1352
5,53,177.7198,-4.419,182.1388
5,54,177.733,-4.419,182.152
5,55,177.7714,-4.419,182.1904
5,56,177.9619,-4.419,182.3809
5,57,178.1539,-4.419,182.5729
5,58,178.2968,-4.419,182.7158
5,59,178.4047,-4.419,182.8237
5,60,178.46,-4.419,182.879
5,61,178.4624,-4.419,182.8814
5,62,178.4624,-4.419,182.8814
5,63,178.4732,-4.419,182.8922
5,64,178.533,-4.419,182.952
5,65,178.6062,-4.419,183.0252
5,66,178.6846,-4.419,183.1036
5,67,178.7553,-4.419,183.1743
5,68,178.799,-4.419,183.218
5,69,178.7996,-4.419,183.2186
5,70,178.7996,-4.419,183.2186
5,71,178.8624,-4.419,183.2814
5,72,179.0722,-4.419,183.4912
5,73,179.311,-4.419,183.73
5,74,179.6462,-4.419,184.0652
5,75,-179.8294,-4.419,-175.4104
5,76,-179.1389,-4.419,-174.7199
5,77,-178.4712,-4.419,-174.0522
5,78,-177.878,-4.419,-173.459
5,79,-178.0109,-4.419,-173.5919
5,80,-178.2365,-4.419,-173.8175
5,81,-178.5813,-4.419,-174.1623
5,82,-178.7455,-4.419,-174.3265
5,83,-178.9163,-4.419,-174.4973
5,84,-179.0442,-4.419,-174.6252
5,85,-179.0585,-4.419,-174.6394
5,86,-179.0513,-4.419,-174.6323
5,87,-179.0299,-4.419,-174.6109
5,88,-178.9305,-4.419,-174.5115
5,89,-178.9305,-4.419,-174.5115
5,90,-178.8096,-4.419,-174.3906
5,91,-178.7597,-4.419,-174.3407
5,92,-178.6671,-4.419,-174.2481
5,93,-178.5885,-4.419,-174.1695
5,94,-178.5529,-4.419,-174.1339
5,95,-178.5457,-4.419,-174.1267
5,96,-178.5314,-4.419,-174.1124
5,97,-178.5242,-4.419,-174.1052
5,98,-178.517,-4.4201,-174.0969
5,99,-178.4955,-4.4259,-174.0697
5,100,-178.4167,-4.4321,-173.9846
5,101,-178.3186,-4.4407,-173.8779
5,102,-178.2559,-4.4475,-173.8084
5,103,-178.1931,-4.4475,-173.7456
5,104,-178.0985,-4.4471,-173.6514
5,105,-178.0547,-4.4453,-173.6094
5,106,-178.1668,-4.4425,-173.7243
5,107,-178.4734,-4.4359,-174.0375
5,108,-178.4734,-4.4266,-174.0468
5,109,-178.3419,-4.4073,-173.9346
5,110,-177.756,-4.3714,-173.3846
5,111,-176.9269,-4.2755,-172.6514
5,112,-176.9182,-4.1804,-172.7378
5,113,-177.1283,-4.0837,-173.0446
5,114,-177.27,-3.9936,-173.2764
5,115,-177.3728,-3.9216,-173.4512
5,116,-177.3949,-3.8544,-173.5405
5,117,-177.4095,-3.8002,-173.6093
5,118,-177.4459,-3.7526,-173.6933
5,119,-177.4966,-3.7248,-173.7718
5,120,-177.5183,-3.7034,-173.8149
5,121,-177.54,-3.7022,-173.8378
5,122,-177.6195,-3.7013,-173.9182
5,123,-177.6984,-3.7013,-173.9971
5,124,-177.8058,-3.7,-174.1058
5,125,-177.8487,-3.6946,-174.1541
5,126,-177.9055,-3.6831,-174.2225
5,127,-177.9339,-3.653,-174.2809
5,128,-177.9482,-3.6214,-174.3267
5,129,-177.9553,-3.5846,-174.3707
5,130,-177.9624,-3.5474,-174.4151
5,131,-177.9693,-3.5079,-174.4614
5,132,-177.9836,-3.4698,-174.5138
5,133,-177.9908,-3.4343,-174.5565
5,134,-178.0191,-3.4027,-174.6165
5,135,-178.0475,-3.3807,-174.6667
5,136,-178.0758,-3.3646,-174.7112
5,137,-178.0899,-3.3643,-174.7256
5,138,-178.0968,-3.3641,-174.7327
5,139,-178.104,-3.3641,-174.7399
5,140,-178.1252,-3.3555,-174.7697
5,141,-178.1323,-3.324,-174.8083
5,142,-178.0899,-3.272,-174.8179
5,143,-178.0687,-3.1668,-174.9018
5,144,-178.0263,-3.0577,-174.9686
5,145,-178.0048,-2.9379,-175.0669
5,146,-177.9908,-2.8045,-175.1863
5,147,-177.9831,-2.6363,-175.3468
5,148,-177.9765,-2.441,-175.5355
5,149,-177.9707,-2.1778,-175.7929
5,150,-178.0199,-1.8908,-176.1291
5,151,-177.87,-1.5441,-176.3259
5,152,-177.87,-1.2023,-176.6676
5,153,-177.8702,-0.8671,-177.0032
5,154,-177.8957,-0.5446,-177.3511
5,155,-177.9131,-0.2467,-177.6663
5,156,-177.9205,-0.062,-177.8585
5,157,-177.9213,-0.1286,-177.7927
5,158,-177.9218,-0.2095,-177.7123
5,159,-177.9293,-0.3226,-177.6067
5,160,-177.9296,-0.4542,-177.4753
5,161,-177.9288,-0.627,-177.3018
5,162,-177.9285,-0.771,-177.1575
5,163,-177.9283,-0.8533,-177.075
5,164,-177.9277,-0.9366,-176.9912
5,165,-177.9285,-1.0221,-176.9064
5,166,-177.9288,-1.1007,-176.8281
5,167,-177.9435,-1.1648,-176.7787
5,168,-177.9801,-1.2102,-176.7698
5,169,-178.033,-1.2174,-176.8156
5,170,-178.1012,-1.221,-176.8802
5,171,-178.1608,-1.2173,-176.9434
5,172,-178.2687,-1.2114,-177.0573
5,173,-178.3003,-1.2007,-177.0996
5,174,-178.3074,-1.1767,-177.1307
5,175,-178.3425,-1.1268,-177.2157
5,176,-178.3707,-1.0942,-177.2765
5,177,-178.4058,-1.0942,-177.3116
5,178,-178.4336,-1.0731,-177.3605
5,179,-178.4619,-1.0125,-177.4493
5,180,-178.4758,-0.9645,-177.5113
5,181,-178.4827,-0.9395,-177.5432
5,182,-178.4967,-0.9069,-177.5898
5,183,-178.5037,-0.8605,-177.6431
5,184,-178.3658,-0.8167,-177.5491
5,185,-178.1731,-0.7773,-177.3958
5,186,-178.0757,-0.7457,-177.33
5,187,-177.9163,-0.7278,-177.1885
5,188,-177.8702,-0.7152,-177.155
5,189,-177.9161,-0.7116,-177.2044
5,190,-178.155,-0.7067,-177.4483
5,191,-178.3266,-0.6995,-177.6271
5,192,-178.415,-0.6937,-177.7213
5,193,-178.5552,-0.6901,-177.8651
5,194,-178.5483,-0.6865,-177.8617
5,195,-178.5552,-0.6829,-177.8723
5,196,-178.5624,-0.6766,-177.8858
5,197,-178.5622,-0.6658,-177.8964
5,198,-178.5692,-0.644,-177.9252
5,199,-178.5762,-0.6045,-177.9717
5,200,-178.5833,-0.5613,-178.0221
5,201,-178.5694,-0.5121,-178.0573
5,202,-178.5624,-0.4699,-178.0925
5,203,-178.5552,-0.4384,-178.1168
5,204,-178.5415,-0.407,-178.1345
5,205,-178.5343,-0.3756,-178.1588
5,206,-178.5415,-0.3377,-178.2037
5,207,-178.5343,-0.2903,-178.244
5,208,-178.5274,-0.2533,-178.2741
5,209,-178.5343,-0.2314,-178.303
5,210,-178.5413,-0.2414,-178.2999
5,211,-178.5483,-0.2975,-178.2507
5,212,-178.5622,-0.3935,-178.1687
5,213,-178.5483,-0.547,-178.0013
5,214,-178.5903,-0.6371,-177.9532
5,215,-178.5986,-0.6371,-177.9616
5,216,-177.7368,-0.6093,-177.1275
5,217,-177.7368,-0.5434,-177.1934
5,218,-177.7446,-0.3805,-177.3642
5,219,-177.8062,-0.0869,-177.7194
5,220,-177.9149,0.2598,-178.1747
5,221,-177.97,0.6753,-178.6453
5,222,-177.9936,0.9113,-178.9049
5,223,-178.0981,0.9157,-179.0138
5,224,-178.1889,0.8719,-179.0608
5,225,-178.2919,0.7666,-179.0585
5,226,-178.293,0.6766,-178.9696
5,227,-178.3071,0.6057,-178.9127
5,228,-178.3283,0.5434,-178.8716
5,229,-178.3352,0.4919,-178.8271
5,230,-178.3421,0.4585,-178.8007
5,231,-178.3493,0.4475,-178.7967
5,232,-178.1372,0.4381,-178.5752
5,233,-177.8062,0.4308,-178.237
5,234,-177.8216,0.4184,-178.24
5,235,-177.9046,0.4002,-178.3048
5,236,-178.0604,0.3787,-178.4391
5,237,-178.2349,0.3533,-178.5882
5,238,-178.343,0.3347,-178.6777
5,239,-178.3432,0.3238,-178.667
5,240,-178.3361,0.3129,-178.649
5,241,-178.3432,0.302,-178.6452
5,242,-178.3501,0.2774,-178.6276
5,243,-178.3642,0.2376,-178.6018
5,244,-178.3781,0.1979,-178.576
5,245,-178.385,0.1584,-178.5435
5,246,-178.4061,0.1121,-178.5181
5,247,-178.4341,0.0582,-178.4923
5,248,-178.441,0.0201,-178.4611
5,249,-178.448,-0.0014,-178.4466
5,250,-178.4549,-0.0263,-178.4287
5,251,-178.4621,-0.0548,-178.4073
5,252,-178.4515,-0.0762,-178.3752
5,253,-178.2071,-0.0904,-178.1166
5,254,-177.9698,-0.1011,-177.8687
5,255,-177.8363,-0.1083,-177.728
5,256,-177.8363,-0.1136,-177.7227
6,0,0.0,0.0,0.0
6,1,134.9814,-10.4104,145.3918
6,2,134.9841,-10.4104,145.3945
6,3,134.9861,-10.4085,145.3946
6,4,133.5923,-10.4076,143.9999
6,5,133.1438,-10.4064,143.5502
6,6,131.9806,-10.4057,142.3863
6,7,131.0225,-11.258,142.2804
6,8,130.6797,-11.7802,142.4598
6,9,130.3826,-12.058,142.4406
6,10,130.3616,-12.2391,142.6008
6,11,131.119,-12.9156,144.0346
6,12,131.9541,-13.3841,145.3381
6,13,132.6942,-13.9531,146.6472
6,14,133.3009,-14.343,147.6439
6,15,133.8846,-14.5587,148.4433
6,16,134.2855,-14.701,148.9865
6,17,134.5069,-14.8677,149.3747
6,18,134.6425,-14.9973,149.6398
6,19,134.5543,-15.0198,149.5741
6,20,134.2288,-15.0292,149.258
6,21,133.7954,-14.6525,148.4479
6,22,133.2871,-14.3117,147.5988
6,23,132.7509,-13.8681,146.6189
6,24,131.9997,-13.486,145.4857
6,25,131.239,-13.0897,144.3287
6,26,130.5593,-12.7455,143.3048
6,27,129.8611,-12.4197,142.2808
6,28,129.3079,-12.1342,141.4421
6,29,128.8751,-11.8296,140.7047
6,30,128.5237,-11.5527,140.0764
6,31,128.3117,-11.3314,139.6431
6,32,128.2001,-11.14,139.34
6,33,128.1587,-11.0111,139.1698
6,34,128.1496,-10.9049,139.0544
6,35,128.1564,-10.8277,138.9841
6,36,128.2001,-10.7623,138.9625
6,37,128.2547,-10.7858,139.0405
6,38,128.3291,-10.8284,139.1575
6,39,128.4211,-10.9705,139.3916
6,40,128.5193,-11.1279,139.6472
6,41,128.6204,-11.337,139.9574
6,42,128.7265,-11.5471,140.2736
6,43,128.8348,-11.7971,140.6319
6,44,128.9471,-12.044,140.9911
6,45,129.091,-12.3126,141.4035
6,46,129.2719,-12.5736,141.8455
6,47,129.4606,-12.9275,142.388
6,48,129.8416,-13.2936,143.1352
6,49,130.3502,-13.6765,144.0268
6,50,130.8835,-14.0482,144.9317
6,51,131.4109,-14.402,145.8129
6,52,131.8147,-14.7348,146.5496
6,53,132.1634,-15.0835,147.2469
6,54,132.47,-15.426,147.8961
6,55,132.47,-15.7258,148.1958
6,56,132.5055,-15.9976,148.5031
6,57,132.6443,-16.2336,148.8779
6,58,132.9242,-16.4465,149.3708
6,59,133.273,-16.6359,149.9088
6,60,133.8055,-16.8089,150.6144
6,61,134.6138,-16.9386,151.5524
6,62,135.3845,-17.0431,152.4276
6,63,136.1335,-17.1165,153.25
6,64,136.8477,-17.1716,154.0193
6,65,137.5209,-17.2049,154.7258
6,66,138.1622,-17.2254,155.3875
6,67,138.7665,-17.2359,156.0024
6,68,139.3419,-17.2404,156.5824
6,69,139.8897,-17.2401,157.1298
6,70,140.411,-17.2368,157.6477
6,71,140.8876,-17.2223,158.1099
6,72,141.3407,-17.2006,158.5413
6,73,141.7659,-17.1756,158.9415
6,74,142.1698,-17.1486,159.3184
6,75,142.5354,-17.1157,159.6511
6,76,142.8642,-17.0788,159.943
6,77,143.1644,-17.0367,160.2011
6,78,143.4247,-16.9911,160.4158
6,79,143.6593,-16.9436,160.6029
6,80,143.8801,-16.8949,160.775
6,81,144.0998,-16.8453,160.9451
6,82,144.292,-16.7951,161.0871
6,83,144.4623,-16.7435,161.2058
6,84,144.6215,-16.6908,161.3123
6,85,144.7643,-16.6375,161.4018
6,86,144.8949,-16.5837,161.4786
6,87,145.0161,-16.5289,161.545
6,88,145.1244,-16.473,161.5974
6,89,145.2241,-16.4095,161.6336
6,90,145.3156,-16.3379,161.6536
6,91,145.4008,-16.2577,161.6586
6,92,145.4661,-16.1677,161.6338
6,93,145.5332,-16.0761,161.6093
6,94,145.5899,-15.9822,161.5721
6,95,145.5762,-15.8452,161.4214
6,96,145.5472,-15.6556,161.2028
6,97,145.5387,-15.4388,160.9776
6,98,145.5336,-15.1856,160.7192
6,99,145.5301,-14.9281,160.4582
6,100,145.5164,-14.6626,160.179
6,101,145.5079,-14.3995,159.9073
6,102,145.5028,-14.1369,159.6397
6,103,145.4942,-13.9001,159.3943
6,104,145.4856,-13.6991,159.1847
6,105,145.4548,-13.5095,158.9643
6,106,145.4118,-13.3359,158.7477
6,107,145.4032,-13.1708,158.574
6,108,145.3638,-13.0181,158.3819
6,109,145.3431,-12.9217,158.2648
6,110,145.3345,-12.9217,158.2562
6,111,145.3174,-12.9155,158.2329
6,112,145.3087,-12.8979,158.2067
6,113,145.2966,-12.8628,158.1595
6,114,145.3087,-12.7938,158.1025
6,115,145.3115,-12.7017,158.0131
6,116,145.3602,-12.5623,157.9225
6,117,145.5332,-12.4125,157.9457
6,118,145.5316,-12.2388,157.7704
6,119,145.481,-12.0376,157.5186
6,120,145.3816,-11.7722,157.1538
6,121,145.1783,-11.4673,156.6456
6,122,145.0112,-11.0639,156.0751
6,123,144.805,-10.6691,155.4741
6,124,144.8171,-10.2844,155.1015
6,125,144.8243,-9.906,154.7302
6,126,144.8313,-9.532,154.3634
6,127,144.8435,-9.1659,154.0095
6,128,144.84,-8.8093,153.6493
6,129,144.8435,-8.461,153.3046
6,130,144.8243,-8.1248,152.949
6,131,144.8086,-7.7956,152.6042
6,132,144.8015,-7.4752,152.2767
6,133,144.8086,-7.1623,151.9709
6,134,144.847,-6.8603,151.7074
6,135,144.9047,-6.5646,151.4693
6,136,144.9482,-6.277,151.2252
6,137,144.9517,-5.9953,150.9471
6,138,144.9603,-5.7215,150.6818
6,139,144.9638,-5.4533,150.4171
6,140,144.9603,-5.1927,150.153
6,141,144.9517,-4.9391,149.8908
6,142,144.9361,-4.7007,149.6368
6,143,144.9325,-4.4672,149.3997
6,144,144.9204,-4.2406,149.161
6,145,144.8435,-4.0189,148.8624
6,146,144.8349,-3.8063,148.6412
6,147,144.8313,-3.5978,148.4291
6,148,144.8086,-3.3957,148.2043
6,149,144.7944,-3.1987,147.993
6,150,144.7837,-3.0158,147.7994
6,151,144.7679,-2.8374,147.6053
6,152,144.7466,-2.6729,147.4194
6,153,144.743,-2.512,147.255
6,154,144.7394,-2.3618,147.1012
6,155,144.7323,-2.2155,146.9478
6,156,144.7252,-2.0852,146.8103
6,157,144.7216,-1.9577,146.6794
6,158,144.7038,-1.8403,146.5441
6,159,144.6966,-1.725,146.4216
6,160,144.6909,-1.6145,146.3054
6,161,144.6945,-1.5055,146.2001
6,162,144.6873,-1.3955,146.0829
6,163,144.7038,-1.2877,145.9915
6,164,144.7359,-1.1915,145.9274
6,165,144.7872,-1.097,145.8843
6,166,144.8313,-1.0118,145.8431
6,167,145.2774,-0.9279,146.2053
6,168,145.4014,-0.8482,146.2496
6,169,145.4014,-0.7697,146.1711
6,170,145.3843,-0.6982,146.0825
6,171,145.3898,-0.6277,146.0175
6,172,145.3843,-0.5623,145.9466
6,173,145.3937,-0.4978,145.8915
6,174,145.4264,-0.4371,145.8635
6,175,145.4878,-0.3773,145.8651
6,176,145.5698,-0.3229,145.8927
6,177,145.4648,-0.2695,145.7342
6,178,145.3781,-0.2194,145.5976
6,179,145.3696,-0.1702,145.5398
6,180,145.3781,-0.1242,145.5023
6,181,145.3696,-0.079,145.4486
6,182,145.3781,-0.0362,145.4143
6,183,145.3832,0.006,145.3772
6,184,145.3696,0.0393,145.3303
6,185,145.2947,0.0716,145.2231
6,186,145.2605,0.1051,145.1555
6,187,145.2178,0.1382,145.0796
6,188,145.1973,0.1671,145.0302
6,189,145.1716,0.1951,144.9765
6,190,145.146,0.1921,144.9539
6,191,145.0962,0.1853,144.911
6,192,145.0691,0.1718,144.8973
6,193,145.136,0.1574,144.9786
6,194,145.2188,0.1518,145.067
6,195,145.2504,0.1476,145.1028
6,196,145.2758,0.1448,145.131
6,197,145.2974,0.1423,145.1551
6,198,145.3009,0.1404,145.1605
6,199,145.2476,0.1387,145.109
6,200,145.1828,0.1327,145.0501
6,201,145.1194,0.1259,144.9935
6,202,145.1062,0.1212,144.9851
6,203,145.1133,0.1169,144.9963
6,204,145.1469,0.114,145.0329
6,205,145.1786,0.1115,145.0671
6,206,145.2158,0.1076,145.1082
6,207,145.2582,0.1033,145.1549
6,208,145.2706,0.0991,145.1715
6,209,145.3083,0.0948,145.2135
6,210,145.2998,0.082,145.2178
6,211,145.2827,0.0667,145.216
6,212,145.2656,0.0468,145.2188
6,213,145.2093,0.0255,145.1839
6,214,145.139,0.0169,145.1221
6,215,145.134,0.0126,145.1214
6,216,145.1424,-0.003,145.1454
6,217,145.1596,-0.0226,145.1822
6,218,145.1801,-0.0354,145.2156
6,219,145.2093,-0.0457,145.255
6,220,145.2143,-0.0517,145.266
6,221,145.2315,-0.056,145.2875
6,222,145.2173,-0.0632,145.2805
6,223,145.3843,-0.0718,145.4561
6,224,145.3862,-0.0774,145.4636
6,225,145.3771,-0.0816,145.4587
6,226,145.3547,-0.0871,145.4417
6,227,145.3385,-0.0931,145.4316
6,228,145.3052,-0.0911,145.3963
6,229,145.2896,-0.0851,145.3747
6,230,145.2771,-0.0821,145.3592
6,231,145.2576,-0.0808,145.3384
6,232,145.2343,-0.0648,145.2991
6,233,145.2079,-0.0406,145.2485
6,234,145.1916,0.0223,145.1693
6,235,145.1804,0.1084,145.072
6,236,145.1773,0.141,145.0364
6,237,145.1575,0.1401,145.0174
6,238,145.1491,0.1246,145.0245
6,239,145.1545,0.0994,145.0551
6,240,145.1887,0.0598,145.1289
6,241,145.1973,0.0104,145.1869
6,242,145.2058,-0.0692,145.2751
6,243,145.2143,-0.1703,145.3846
6,244,145.2315,-0.261,145.4924
6,245,145.2741,-0.344,145.6181
6,246,145.2998,-0.4379,145.7377
6,247,145.339,-0.5404,145.8793
6,248,145.3475,-0.5834,145.9309
6,249,145.339,-0.5774,145.9164
6,250,145.3475,-0.5727,145.9202
6,251,145.3646,-0.5692,145.9338
6,252,145.3696,-0.5657,145.9353
6,253,145.3781,-0.5621,145.9403
6,254,145.3918,-0.5573,145.9491
7,0,0.0,0.0,0.0
7,1,0.0,0.0,0.0
7,2,0.0,0.0,0.0
7,3,0.0,0.0,0.0
7,4,0.0,0.0,0.0
7,5,0.0,0.0,0.0
7,6,0.0,0.0,0.0
7,7,14.0558,0.0,14.0558
7,8,11.3148,0.0,11.3148
7,9,7.5262,0.0,7.5262
7,10,5.9262,0.0,5.9262
7,11,4.2772,0.0,4.2772
7,12,3.0628,0.0,3.0628
7,13,1.6981,0.0,1.6981
7,14,0.6197,0.0,0.6197
7,15,-0.3024,36.7352,-37.0376
7,16,-1.1928,36.7352,-37.928
7,17,-2.1291,35.5042,-37.6333
7,18,-3.1524,34.2751,-37.4276
7,19,-4.1438,34.0216,-38.1654
7,20,-4.9302,31.709,-36.6392
7,21,-5.6809,30.5786,-36.2595
7,22,-6.4074,29.7412,-36.1485
7,23,-7.1108,29.0229,-36.1336
7,24,-7.7902,28.5958,-36.386
7,25,-8.2687,27.743,-36.0117
7,26,-8.6355,27.1443,-35.7798
7,27,-8.8016,26.576,-35.3776
7,28,-8.8214,26.0677,-34.8891
7,29,-8.6866,25.5947,-34.2813
7,30,-8.4424,24.9762,-33.4186
7,31,-8.1959,24.464,-32.6599
7,32,-7.925,23.9673,-31.8923
7,33,-7.6541,23.5284,-31.1824
7,34,-7.5677,23.119,-30.6867
7,35,-8.2211,22.7221,-30.9432
7,36,-9.7984,22.371,-32.1694
7,37,-11.8028,21.9713,-33.7741
7,38,-13.7354,21.6142,-35.3496
7,39,-15.6555,21.2257,-36.8812
7,40,-17.4288,20.8333,-38.2621
7,41,-18.7643,20.4493,-39.2136
7,42,-19.8229,20.0056,-39.8285
7,43,-20.7271,19.598,-40.3252
7,44,-21.4654,19.1686,-40.6341
7,45,-22.0575,18.7598,-40.8172
7,46,-22.5751,18.3888,-40.9639
7,47,-23.0887,18.0549,-41.1436
7,48,-23.6055,17.7429,-41.3484
7,49,-24.0278,17.416,-41.4438
7,50,-24.2985,17.1099,-41.4084
7,51,-24.5187,16.8006,-41.3193
7,52,-24.6629,16.4967,-41.1596
7,53,-24.8247,16.2033,-41.0279
7,54,-25.0414,15.9023,-40.9437
7,55,-25.2587,15.6178,-40.8765
7,56,-25.4704,15.3261,-40.7964
7,57,-25.6667,15.0449,-40.7116
7,58,-25.8433,14.8007,-40.644
7,59,-25.9813,14.5986,-40.58
7,60,-26.1032,14.4069,-40.5101
7,61,-26.2052,14.2492,-40.4544
7,62,-26.2553,14.0987,-40.354
7,63,-26.1757,13.9989,-40.1746
7,64,-25.9675,13.9295,-39.897
7,65,-25.6671,13.8759,-39.543
7,66,-25.6671,13.8675,-39.5346
7,67,-25.6671,13.8594,-39.5265
7,68,-25.6976,13.9059,-39.6036
7,69,-25.7414,13.9618,-39.7032
7,70,-25.776,14.038,-39.814
7,71,-25.7731,14.1408,-39.9139
7,72,-25.7131,14.2401,-39.9532
7,73,-25.5424,14.3453,-39.8877
7,74,-25.3259,14.4468,-39.7727
7,75,-25.0275,14.5568,-39.5842
7,76,-24.6638,14.6699,-39.3337
7,77,-24.2873,14.7813,-39.0687
7,78,-23.9938,14.896,-38.8898
7,79,-23.8457,15.0069,-38.8527
7,80,-23.8199,15.056,-38.8759
7,81,-23.8199,15.0918,-38.9118
7,82,-23.8155,14.9911,-38.8066
7,83,-23.8113,14.717,-38.5283
7,84,-23.8062,14.436,-38.2423
7,85,-23.8552,13.768,-37.6231
7,86,-24.0134,13.1159,-37.1293
7,87,-24.3351,12.3417,-36.6769
7,88,-24.6527,11.5051,-36.1578
7,89,-24.9616,10.6833,-35.6448
7,90,-25.2671,9.8699,-35.137
7,91,-25.557,9.0733,-34.6302
7,92,-25.8311,8.2648,-34.0959
7,93,-26.0905,7.4666,-33.5572
7,94,-26.3073,6.6947,-33.0021
7,95,-26.464,5.9517,-32.4156
7,96,-26.5914,5.2292,-31.8205
7,97,-26.6643,4.6646,-31.3289
7,98,-26.6816,4.112,-30.7936
7,99,-26.6124,3.628,-30.2404
7,100,-26.4388,3.1862,-29.625
7,101,-26.1902,2.7641,-28.9544
7,102,-25.7794,2.3834,-28.1628
7,103,-25.2181,2.011,-27.2291
7,104,-24.5622,1.6894,-26.2516
7,105,-23.8905,1.3826,-25.2731
7,106,-23.2016,1.1029,-24.3045
7,107,-22.5929,0.8549,-23.4479
7,108,-22.2947,0.6126,-22.9073
7,109,-22.2947,0.3943,-22.689
7,110,-22.303,0.1799,-22.4829
7,111,-22.3485,-0.0355,-22.313
7,112,-22.4367,-0.2497,-22.1869
7,113,-22.5453,-0.4628,-22.0825
7,114,-22.6717,-0.6798,-21.9919
7,115,-22.8001,-0.8933,-21.9068
7,116,-22.9407,-1.0768,-21.8639
7,117,-23.1014,-1.2524,-21.849
7,118,-23.2662,-1.3996,-21.8665
7,119,-23.4018,-1.513,-21.8889
7,120,-23.4727,-1.6235,-21.8492
7,121,-23.4813,-1.7165,-21.7648
7,122,-23.4813,-1.8076,-21.6737
7,123,-23.4784,-1.879,-21.5995
7,124,-23.4575,-1.9391,-21.5184
7,125,-23.4322,-2.0007,-21.4315
7,126,-23.3991,-2.0688,-21.3304
7,127,-23.3664,-2.1354,-21.2311
7,128,-23.3103,-2.2233,-21.087
7,129,-23.2002,-2.3134,-20.8869
7,130,-23.0875,-2.4037,-20.6838
7,131,-22.9724,-2.4947,-20.4776
7,132,-22.8661,-2.584,-20.2822
7,133,-22.7865,-2.6734,-20.1131
7,134,-22.813,-2.7609,-20.0521
7,135,-22.825,-2.8453,-19.9797
7,136,-22.831,-2.9272,-19.9038
7,137,-22.813,-3.0063,-19.8067
7,138,-22.807,-3.0806,-19.7264
7,139,-22.801,-3.1534,-19.6476
7,140,-22.795,-3.2138,-19.5813
7,141,-22.8244,-3.2711,-19.5532
7,142,-22.8551,-3.3255,-19.5296
7,143,-22.8815,-3.3765,-19.505
7,144,-22.8915,-3.4262,-19.4653
7,145,-22.8795,-3.4693,-19.4102
7,146,-22.8795,-3.5115,-19.368
7,147,-22.8823,-3.5397,-19.3426
7,148,-22.8931,-3.5606,-19.3325
7,149,-22.9108,-3.5672,-19.3436
7,150,-22.9169,-3.5339,-19.383
7,151,-22.9191,-3.5009,-19.4182
7,152,-22.8931,-3.4212,-19.4719
7,153,-22.8852,-3.3346,-19.5506
7,154,-22.8667,-3.2303,-19.6364
7,155,-22.8392,-3.1049,-19.7344
7,156,-22.8072,-2.9877,-19.8195
7,157,-22.7715,-2.9877,-19.7838
7,158,-22.7376,-2.9877,-19.7499
7,159,-22.7045,-2.9877,-19.7168
7,160,-22.6902,-2.9877,-19.7025
7,161,-22.6902,-2.991,-19.6992
7,162,-22.6851,-3.0038,-19.6813
7,163,-22.6733,-3.0165,-19.6568
7,164,-22.6732,-3.0339,-19.6392
7,165,-22.6817,-3.0522,-19.6296
7,166,-22.7002,-3.0687,-19.6315
7,167,-22.7447,-3.0831,-19.6616
7,168,-22.7784,-3.0966,-19.6818
7,169,-22.8407,-3.0953,-19.7453
7,170,-22.9771,-3.0941,-19.883
7,171,-23.1103,-3.0771,-20.0332
7,172,-23.1128,-3.0521,-20.0608
7,173,-23.1043,-3.0148,-20.0895
7,174,-23.0762,-2.9438,-20.1323
7,175,-23.0377,-2.8724,-20.1653
7,176,-23.0377,-2.785,-20.2527
7,177,-23.0257,-2.6947,-20.3311
7,178,-23.0172,-2.5886,-20.4287
7,179,-23.0138,-2.4644,-20.5494
7,180,-22.9993,-2.3375,-20.6618
7,181,-22.9873,-2.1867,-20.8007
7,182,-22.9753,-2.0346,-20.9407
7,183,-22.9558,-1.8798,-21.076
7,184,-22.9472,-1.7229,-21.2243
7,185,-22.9328,-1.5748,-21.3579
7,186,-22.9302,-1.4528,-21.4774
7,187,-22.9217,-1.33,-21.5917
7,188,-22.9132,-1.2606,-21.6526
7,189,-22.8987,-1.1989,-21.6998
7,190,-22.8927,-1.1612,-21.7314
7,191,-22.8987,-1.1505,-21.7482
7,192,-22.9063,-1.1405,-21.7657
7,193,-22.8987,-1.1405,-21.7582
7,194,-22.8911,-1.1405,-21.7506
7,195,-22.8936,-1.1393,-21.7544
7,196,-22.8517,-1.1374,-21.7143
7,197,-22.7368,-1.1356,-21.6013
7,198,-22.5971,-1.1338,-21.4633
7,199,-22.4151,-1.1321,-21.283
7,200,-22.3282,-1.13,-21.1981
7,201,-22.1662,-1.1279,-21.0383
7,202,-22.0961,-1.1366,-20.9595
7,203,-22.055,-1.1571,-20.8979
7,204,-22.0479,-1.1811,-20.8668
7,205,-22.0601,-1.2476,-20.8125
7,206,-22.1054,-1.3133,-20.7921
7,207,-22.1799,-1.4267,-20.7532
7,208,-22.2326,-1.5608,-20.6718
7,209,-22.2547,-1.6937,-20.561
7,210,-22.3396,-1.827,-20.5126
7,211,-22.4662,-1.9581,-20.5082
7,212,-22.6794,-2.0884,-20.591
7,213,-22.6794,-2.2167,-20.4627
8,0,0.0,0.0,0.0
8,1,-38.5087,-79.4966,40.9878
8,2,-38.5091,-79.4968,40.9877
8,3,-38.509,-79.4969,40.9879
8,4,-38.509,-79.4968,40.9878
8,5,-38.5089,-79.4968,40.9879
8,6,-38.5089,-79.4968,40.9879
8,7,-38.5089,-79.4967,40.9878
8,8,-38.509,-79.4968,40.9878
8,9,-38.5089,-79.4968,40.9879
8,10,-38.5089,-79.4968,40.9879
8,11,-38.509,-79.4968,40.9878
8,12,-38.509,-79.4968,40.9878
8,13,-38.5089,-79.4968,40.9879
8,14,-38.5089,-79.4968,40.9879
8,15,-38.5088,-79.4968,40.988
8,16,-38.509,-79.4968,40.9877
8,17,-38.509,-79.4968,40.9878
8,18,-38.509,-79.4967,40.9877
8,19,-38.5088,-79.4967,40.9879
8,20,-38.5089,-79.4967,40.9878
8,21,-38.5089,-79.4968,40.9879
8,22,-38.5091,-79.4969,40.9878
8,23,-38.5089,-79.4968,40.9879
8,24,-38.509,-79.4969,40.9879
8,25,-38.509,-79.4967,40.9878
8,26,-38.5088,-79.4967,40.9878
8,27,-38.5089,-79.4967,40.9878
8,28,-38.5089,-79.4967,40.9878
8,29,-38.5091,-79.4969,40.9878
8,30,-38.5089,-79.4969,40.988
8,31,-38.5089,-79.4968,40.9878
8,32,-38.509,-79.4968,40.9878
8,33,-38.509,-79.4968,40.9878
8,34,-38.5089,-79.4968,40.9879
8,35,-38.509,-79.4967,40.9877
8,36,-38.509,-79.4967,40.9877
8,37,-38.5089,-79.4967,40.9878
8,38,-38.5089,-79.4968,40.9878
8,39,-38.5089,-79.4969,40.9879
8,40,-38.509,-79.4968,40.9878
8,41,-38.5089,-79.4968,40.9879
8,42,-38.509,-79.4968,40.9878
8,43,-38.509,-79.4968,40.9878
8,44,-38.5089,-79.4968,40.9879
8,45,-38.5089,-79.4968,40.9878
8,46,-38.5089,-79.4967,40.9878
8,47,-38.2921,-79.4968,41.2048
8,48,-37.9402,-79.4968,41.5566
8,49,-37.4269,-79.4968,42.0699
8,50,-36.8007,-79.4967,42.696
8,51,-36.1528,-79.4968,43.344
8,52,-35.5653,-79.4968,43.9315
8,53,-35.0914,-79.4968,44.4054
8,54,-34.9265,-79.4968,44.5703
8,55,-34.9107,-79.4967,44.586
8,56,-34.8909,-79.4968,44.6059
8,57,-34.9032,-79.4968,44.5936
8,58,-34.9098,-79.4968,44.5871
8,59,-34.8846,-79.4967,44.6122
8,60,-34.8261,-79.4967,44.6706
8,61,-34.7327,-79.4968,44.7641
8,62,-34.6697,-79.4734,44.8038
8,63,-34.6697,-79.312,44.6424
8,64,-34.5842,-79.0698,44.4856
8,65,-34.4192,-78.7536,44.3344
8,66,-34.0219,-78.3639,44.342
8,67,-33.4564,-77.8977,44.4413
8,68,-32.4758,-77.419,44.9432
8,69,-31.5517,-76.9567,45.4051
8,70,-30.7063,-76.5271,45.8208
8,71,-29.8908,-76.1744,46.2836
8,72,-29.1655,-75.9898,46.8243
8,73,-28.51,-75.9098,47.3998
8,74,-27.9069,-75.8979,47.991
8,75,-27.3359,-75.8832,48.5474
8,76,-26.7919,-75.8851,49.0932
8,77,-26.2781,-75.8928,49.6147
8,78,-25.751,-75.8975,50.1465
8,79,-25.2301,-75.8788,50.6487
8,80,-24.8246,-75.8438,51.0191
8,81,-24.5394,-75.7921,51.2527
8,82,-24.5359,-75.7225,51.1866
8,83,-24.5359,-75.6751,51.1391
8,84,-24.5318,-75.6575,51.1257
8,85,-24.5188,-75.6396,51.1208
8,86,-24.4825,-75.576,51.0936
8,87,-24.4343,-75.457,51.0227
8,88,-24.3624,-75.2317,50.8693
8,89,-24.2751,-74.9053,50.6302
8,90,-24.1831,-74.485,50.3019
8,91,-24.0949,-73.784,49.6891
8,92,-24.0096,-73.078,49.0684
8,93,-23.9197,-72.4043,48.4846
8,94,-23.7509,-71.776,48.0251
8,95,-23.493,-71.1653,47.6723
8,96,-22.9709,-70.594,47.6231
8,97,-22.2552,-70.0651,47.8099
8,98,-21.5101,-69.5777,48.0677
8,99,-20.7578,-69.1218,48.364
8,100,-20.0804,-68.6851,48.6047
8,101,-19.419,-68.2644,48.8454
8,102,-18.7382,-67.8597,49.1216
8,103,-18.0185,-67.4724,49.4539
8,104,-17.289,-67.0859,49.7968
8,105,-16.5432,-66.6955,50.1523
8,106,-15.7459,-66.3077,50.5618
8,107,-14.8648,-65.9861,51.1212
8,108,-13.9364,-65.7227,51.7863
8,109,-12.9347,-65.527,52.5924
8,110,-11.887,-65.5245,53.6375
8,111,-10.7929,-65.5238,54.7309
8,112,-9.6103,-65.5226,55.9123
8,113,-8.3774,-65.5192,57.1418
8,114,-7.0874,-65.5096,58.4222
8,115,-5.7686,-65.4878,59.7192
8,116,-4.4223,-65.4577,61.0353
8,117,-3.0386,-65.4217,62.3832
8,118,-1.618,-65.3683,63.7503
8,119,-0.1522,-65.3072,65.1551
8,120,1.3366,-65.2412,66.5778
8,121,2.8352,-65.1727,68.0079
8,122,4.3257,-65.1071,69.4328
8,123,5.8026,-65.0429,70.8455
8,124,7.2459,-64.9785,72.2245
8,125,8.646,-64.9116,73.5576
8,126,9.9843,-64.7898,74.7741
8,127,11.2421,-64.625,75.8671
8,128,12.4148,-64.3846,76.7993
8,129,13.523,-63.9959,77.5188
8,130,14.5639,-63.479,78.0429
8,131,15.5402,-62.9351,78.4753
8,132,16.4558,-62.3787,78.8344
8,133,17.3247,-61.8187,79.1434
8,134,18.1102,-61.3093,79.4195
8,135,18.7551,-60.812,79.5671
8,136,19.3764,-60.3163,79.6927
8,137,19.8931,-59.8099,79.703
8,138,20.379,-59.281,79.66
8,139,20.803,-58.7423,79.5453
8,140,21.1749,-58.1964,79.3713
8,141,21.4412,-57.6421,79.0833
8,142,21.6822,-57.0585,78.7406
8,143,21.907,-56.437,78.344
8,144,22.1322,-55.7757,77.9079
8,145,22.3347,-55.0863,77.421
8,146,22.52,-54.3556,76.8756
8,147,22.692,-53.5958,76.2878
8,148,22.8411,-52.8115,75.6525
8,149,22.9365,-51.9995,74.9359
8,150,22.9636,-51.1388,74.1024
8,151,22.962,-50.244,73.2061
8,152,22.9165,-49.3228,72.2393
8,153,22.8056,-48.3654,71.1711
8,154,22.6376,-47.3921,70.0297
8,155,22.4542,-46.4033,68.8574
8,156,22.2688,-45.3994,67.6682
8,157,22.0817,-44.3726,66.4543
8,158,21.8927,-43.3258,65.2185
8,159,21.702,-42.2572,63.9592
8,160,21.5348,-41.1659,62.7007
8,161,21.3776,-40.0598,61.4374
8,162,21.3837,-38.947,60.3307
8,163,21.3899,-37.8341,59.224
8,164,21.4071,-36.7262,58.1333
8,165,21.4367,-35.6262,57.0629
8,166,21.4578,-34.542,55.9997
8,167,21.4972,-33.4771,54.9744
8,168,21.5182,-32.437,53.9552
8,169,21.5244,-31.4353,52.9597
8,170,21.5146,-30.4731,51.9877
8,171,21.4899,-29.553,51.043
8,172,21.48,-28.6818,50.1619
8,173,21.4676,-27.8493,49.3169
8,174,21.4614,-27.0515,48.5129
8,175,21.4071,-26.2883,47.6954
8,176,21.3948,-25.5625,46.9573
8,177,21.3391,-24.8724,46.2115
8,178,21.2685,-24.2089,45.4774
8,179,21.2128,-23.5741,44.7869
8,180,21.1818,-22.9897,44.1714
8,181,21.157,-22.4886,43.6456
8,182,21.1235,-22.0174,43.1409
8,183,21.1111,-21.5661,42.6773
8,184,21.2438,-21.1813,42.4251
8,185,21.3305,-20.8139,42.1444
8,186,21.4826,-20.4727,41.9553
8,187,21.4888,-20.1619,41.6507
8,188,21.4764,-19.8847,41.3611
8,189,21.4456,-19.6659,41.1115
8,190,21.3738,-19.4755,40.8493
8,191,21.2885,-19.2976,40.5861
8,192,21.2303,-19.1299,40.3602
8,193,21.1893,-18.9622,40.1515
8,194,21.1621,-18.8011,39.9632
8,195,21.0748,-18.6513,39.7261
8,196,20.8965,-18.513,39.4095
8,197,20.7766,-18.3816,39.1583
8,198,20.7715,-18.2595,39.031
8,199,20.8538,-18.1491,39.0029
8,200,21.1626,-18.077,39.2396
8,201,21.5222,-18.0385,39.5607
8,202,21.5222,-18.0246,39.5468
8,203,21.5659,-18.0257,39.5916
8,204,21.7719,-18.0579,39.8299
8,205,22.1712,-18.1212,40.2924
8,206,22.678,-18.2144,40.8924
8,207,23.4172,-18.3392,41.7564
8,208,24.2734,-18.475,42.7484
8,209,25.1319,-18.6123,43.7441
8,210,25.9893,-18.7501,44.7394
8,211,26.8459,-18.8892,45.7351
8,212,27.7015,-19.0298,46.7313
8,213,28.555,-19.1711,47.726
8,214,29.4053,-19.3093,48.7146
8,215,30.249,-19.4337,49.6826
8,216,31.0879,-19.5519,50.6399
8,217,31.9173,-19.608,51.5253
8,218,32.7363,-19.6034,52.3397
8,219,33.5418,-19.5988,53.1406
8,220,34.3422,-19.5876,53.9298
8,221,35.1318,-19.5705,54.7023
8,222,35.9115,-19.5493,55.4608
8,223,36.6794,-19.5336,56.213
8,224,37.4351,-19.5074,56.9424
8,225,37.4417,-19.4839,56.9256
8,226,37.4456,-19.4693,56.9149
8,227,37.4444,-19.4647,56.9091
8,228,37.3687,-19.4688,56.8375
8,229,37.3328,-19.4805,56.8132
8,230,37.3019,-19.4983,56.8002
8,231,37.2465,-19.5056,56.7522
8,232,37.2208,-19.5143,56.7351
8,233,37.2001,-19.5219,56.722
8,234,37.1705,-19.527,56.6976
8,235,36.9076,-19.5674,56.4751
8,236,36.6794,-19.5869,56.2663
8,237,36.7002,-19.6066,56.3068
8,238,36.7457,-19.648,56.3937
8,239,36.8001,-19.7002,56.5003
8,240,36.8597,-19.7457,56.6054
8,241,36.8844,-19.7818,56.6661
8,242,36.8882,-19.8048,56.693
8,243,36.8985,-19.8235,56.7221
8,244,36.9335,-19.8459,56.7794
8,245,36.9542,-19.8667,56.8209
8,246,36.9736,-19.8759,56.8495
8,247,36.984,-19.7866,56.7706
8,248,36.9943,-19.7074,56.7017
8,249,37.0124,-19.632,56.6444
8,250,37.0227,-19.5189,56.5416
8,251,37.037,-19.5012,56.5381
8,252,36.9711,-19.5039,56.475
8,253,36.9711,-19.5157,56.4868
8,254,36.9309,-19.5387,56.4696
8,255,36.896,-19.5873,56.4833
8,256,36.8481,-19.6457,56.4938
8,257,36.8675,-19.7061,56.5736
8,258,36.8572,-19.7493,56.6065
8,259,36.8624,-19.7822,56.6446
8,260,36.896,-19.8079,56.7039
8,261,36.8999,-19.8336,56.7335
8,262,36.9438,-19.8985,56.8424
8,263,37.0211,-20.0158,57.037
8,264,37.0737,-20.1297,57.2035
8,265,37.3271,-20.2116,57.5387
8,266,37.3271,-20.2154,57.5425
8,267,37.3478,-20.171,57.5188
8,268,37.3517,-20.0429,57.3945
8,269,37.3646,-19.8112,57.1758
8,270,37.3813,-19.5438,56.9251
8,271,37.3969,-19.4656,56.8625
8,272,37.4097,-19.4538,56.8636
8,273,37.4175,-19.4192,56.8367
8,274,37.4499,-19.266,56.7159
8,275,37.4745,-19.016,56.4905
8,276,37.4862,-18.6928,56.179
8,277,37.4902,-18.3158,55.806
8,278,37.494,-17.7689,55.2629
8,279,37.5019,-17.1634,54.6653
8,280,37.5136,-16.5262,54.0398
8,281,37.5515,-15.8878,53.4394
8,282,37.5857,-15.2502,52.8358
8,283,37.5974,-14.6129,52.2103
8,284,37.5963,-13.9761,51.5724
8,285,37.4429,-13.3399,50.7828
8,286,37.2591,-12.7049,49.964
8,287,36.8572,-12.0714,48.9285
8,288,36.9193,-11.4403,48.3596
8,289,37.042,-10.813,47.855
8,290,37.2118,-10.1884,47.4002
8,291,37.4229,-9.5682,46.9911
8,292,37.5019,-8.9531,46.455
8,293,37.5136,-8.3442,45.8578
8,294,37.5214,-7.7432,45.2647
8,295,37.5253,-7.146,44.6714
8,296,37.5214,-6.5525,44.074
8,297,37.2827,-5.9653,43.248
8,298,36.8572,-5.3836,42.2407
8,299,36.8753,-4.8079,41.6832
8,300,36.9528,-4.2386,41.1914
8,301,37.1312,-3.6764,40.8076
8,302,37.2809,-3.5489,40.8298
8,303,37.3144,-3.5449,40.8592
8,304,37.331,-3.5423,40.8733
8,305,37.331,-3.5432,40.8742
8,306,37.3723,-3.5853,40.9577
8,307,37.4059,-3.6298,41.0357
8,308,37.4343,-3.6563,41.0907
8,309,37.4577,-3.6793,41.137
8,310,37.4667,-3.7152,41.1819
8,311,37.4577,-3.7483,41.206
8,312,37.4343,-3.7674,41.2017
8,313,37.3813,-3.7827,41.1641
8,314,37.209,-3.8026,41.0116
8,315,37.0913,-3.8821,40.9734
8,316,36.8521,-4.0776,40.9298
8,317,36.7671,-4.2477,41.0148
8,318,36.8572,-4.2985,41.1556
8,319,36.8727,-4.2776,41.1503
8,320,37.0227,-4.2438,41.2664
8,321,37.0806,-4.2036,41.2842
8,322,37.2449,-4.1608,41.4057
8,323,37.336,-4.1233,41.4593
8,324,37.3517,-4.105,41.4567
8,325,37.3271,-4.1009,41.428
8,326,36.9903,-4.0952,41.0856
8,327,36.9903,-4.0833,41.0737
8,328,36.7671,-4.0573,40.8244
8,329,36.8572,-4.0407,40.8979
8,330,36.9219,-4.0259,40.9478
8,331,37.077,-4.0127,41.0897
8,332,37.1517,-4.005,41.1568
8,333,37.318,-3.9974,41.3154
8,334,37.402,-3.9868,41.3887
8,335,37.3969,-3.9742,41.3711
8,336,37.393,-3.9666,41.3596
8,337,37.3969,-3.9565,41.3534
8,338,37.3813,-3.974,41.3553
8,339,37.3271,-4.0168,41.3439
8,340,37.1078,-4.0168,41.1245
8,341,36.8572,-4.0401,40.8973
8,342,37.0332,-4.0682,41.1014
8,343,37.271,-4.0951,41.3661
8,344,37.3945,-4.1307,41.5252
8,345,37.4097,-4.129,41.5387
8,346,37.4175,-4.1234,41.541
8,347,37.446,-4.1305,41.5765
8,348,37.5019,-4.1266,41.6285
8,349,37.5019,-4.1076,41.6095
8,350,37.5097,-4.0908,41.6004
8,351,37.4214,-4.0871,41.5086
8,352,37.2256,-4.0545,41.2801
8,353,36.9982,-4.0049,41.0031
8,354,36.8572,-3.9536,40.8108
8,355,36.8948,-3.9145,40.8093
8,356,37.1414,-3.7273,40.8687
8,357,37.4059,-3.6607,41.0666
8,358,37.4667,-3.6561,41.1228
8,359,37.4862,-3.6407,41.127
8,360,37.494,-3.6373,41.1313
8,361,37.4667,-3.6303,41.097
8,362,37.402,-3.6199,41.0219
8,363,37.1724,-3.6075,40.7799
8,364,36.989,-3.5958,40.5848
8,365,36.8572,-3.5854,40.4426
8,366,36.8948,-3.5768,40.4716
8,367,37.0725,-3.571,40.6434
8,368,37.1955,-3.549,40.7445
8,369,37.6257,-3.528,41.1537
8,370,38.0867,-3.5116,41.5983
8,371,38.5699,-3.5029,42.0728
8,372,39.0867,-3.4991,42.5858
8,373,39.5948,-3.4962,43.091
8,374,40.0052,-3.4929,43.498
8,375,40.3268,-3.487,43.8138
8,376,40.6054,-3.4788,44.0842
8,377,40.8071,-3.4609,44.268
8,378,40.9293,-3.433,44.3623
8,379,40.9878,-3.4077,44.3955
8,380,40.9878,-3.3953,44.3832
9,0,0.0,0.0,0.0
9,1,0.0,0.0,0.0
9,2,0.0,0.0,0.0
9,3,0.0,0.0,0.0
9,4,0.0,0.0,0.0
9,5,0.0,0.0,0.0
9,6,0.0,0.0,0.0
9,7,0.0,0.0,0.0
9,8,0.0,0.0,0.0
9,9,0.0,0.0,0.0
9,10,0.0,0.0,0.0
9,11,0.0,0.0,0.0
9,12,0.0,0.0,0.0
9,13,0.0,0.0,0.0
9,14,0.0,0.0,0.0
9,15,0.0,0.0,0.0
9,16,0.0,0.0,0.0
9,17,0.0,0.0,0.0
9,18,0.0,0.0,0.0
9,19,0.0,0.0,0.0
9,20,0.0,0.0,0.0
9,21,0.0,0.0,0.0
9,22,0.0,0.0,0.0
9,23,0.0,0.0,0.0
9,24,0.0,0.0,0.0
9,25,0.0,0.0,0.0
9,26,0.0,0.0,0.0
9,27,0.0,0.0,0.0
9,28,0.0,0.0,0.0
9,29,0.0,0.0,0.0
9,30,0.0,0.0,0.0
9,31,0.0,0.0,0.0
9,32,0.0,0.0,0.0
9,33,0.0,0.0,0.0
9,34,0.0,0.0,0.0
9,35,0.0,0.0,0.0
9,36,0.0,0.0,0.0
9,37,0.0,0.0,0.0
9,38,0.0,0.0,0.0
9,39,0.0,0.0,0.0
9,40,0.0,0.0,0.0
9,41,0.0,0.0,0.0
9,42,0.0,0.0,0.0
9,43,0.0,0.0,0.0
9,44,0.0,0.0,0.0
9,45,0.0,0.0,0.0
9,46,0.0,0.0,0.0
9,47,0.0,0.0,0.0
9,48,61.6071,0.0,61.6071
9,49,51.7661,0.0,51.7661
9,50,49.2927,0.0,49.2927
9,51,48.5034,0.0,48.5034
9,52,48.3133,0.0,48.3133
9,53,48.6755,0.0,48.6755
9,54,48.9718,0.0,48.9718
9,55,49.2347,0.0,49.2347
9,56,49.2248,0.0,49.2248
9,57,48.9259,0.0,48.9259
9,58,48.4374,0.0,48.4374
9,59,48.107,0.0,48.107
9,60,48.107,0.0,48.107
9,61,48.1384,0.0,48.1384
9,62,48.2645,0.0,48.2645
9,63,48.2645,0.0,48.2645
9,64,48.4788,0.0,48.4788
9,65,48.4698,0.0,48.4698
9,66,48.4563,32.6697,15.7866
9,67,48.4014,25.6641,22.7373
9,68,48.316,22.4136,25.9024
9,69,48.0978,20.6222,27.4756
9,70,48.1699,19.8557,28.3142
9,71,48.1699,19.5045,28.6654
9,72,48.191,19.377,28.8139
9,73,48.5521,19.6491,28.903
9,74,48.9632,19.88,29.0833
9,75,49.4017,20.0814,29.3203
9,76,49.6896,20.2697,29.4199
9,77,49.8167,20.291,29.5257
9,78,49.8768,20.183,29.6938
9,79,50.187,19.9633,30.2237
9,80,50.4994,19.6046,30.8948
9,81,50.6714,19.3324,31.339
9,82,50.8636,19.1695,31.6941
9,83,51.0956,19.1695,31.9261
9,84,51.5708,19.1902,32.3806
9,85,52.227,19.2488,32.9782
9,86,52.7937,19.3271,33.4666
9,87,53.4541,19.3271,34.1271
9,88,54.1724,19.4458,34.7266
9,89,54.7188,19.5388,35.18
9,90,55.2514,19.5325,35.7189
9,91,55.5559,19.5225,36.0334
9,92,55.9517,19.494,36.4577
9,93,56.1058,19.4498,36.6559
9,94,56.2354,19.3883,36.8471
9,95,56.2495,19.2442,37.0053
9,96,56.0788,19.1837,36.8952
9,97,55.7751,19.2325,36.5427
9,98,55.4797,19.2325,36.2472
9,99,55.2193,19.2428,35.9766
9,100,54.9905,19.3296,35.6609
9,101,54.6983,19.5905,35.1078
9,102,54.548,19.8836,34.6644
9,103,54.548,20.1907,34.3573
9,104,54.6107,20.4929,34.1178
9,105,54.6986,20.7007,33.9979
9,106,54.7237,20.8213,33.9024
9,107,54.7237,20.8953,33.8284
9,108,54.7482,20.9386,33.8096
9,109,54.6385,21.1604,33.4781
9,110,54.5391,21.3868,33.1523
9,111,54.4102,21.5899,32.8203
9,112,54.2001,21.7138,32.4863
9,113,53.9617,21.8516,32.1102
9,114,53.7391,22.0034,31.7357
9,115,53.5206,22.1795,31.3411
9,116,53.1787,22.5253,30.6534
9,117,52.8541,22.9558,29.8984
9,118,52.4776,23.4079,29.0698
9,119,52.4776,23.8173,28.6604
9,120,52.4447,24.2873,28.1575
9,121,52.293,24.7855,27.5074
9,122,52.224,25.2882,26.9358
9,123,52.1733,25.6826,26.4907
9,124,52.1378,26.0695,26.0683
9,125,52.0959,26.3944,25.7015
9,126,52.0398,26.6143,25.4255
9,127,51.9782,26.8996,25.0786
9,128,51.8894,27.0824,24.8071
9,129,51.8058,27.1889,24.6169
9,130,51.7109,27.2824,24.4285
9,131,51.6211,27.3065,24.3145
9,132,51.529,27.256,24.2729
9,133,51.4335,27.1284,24.3051
9,134,51.336,26.9074,24.4286
9,135,51.2367,26.6915,24.5452
9,136,51.23,26.4866,24.7434
9,137,51.2115,26.2996,24.9119
9,138,51.189,26.1309,25.0581
9,139,51.177,25.9415,25.2355
9,140,51.1717,25.7461,25.4256
9,141,51.1544,25.6374,25.5171
9,142,51.1491,25.6105,25.5385
9,143,51.1437,25.627,25.5168
9,144,51.1371,25.6723,25.4648
9,145,51.1317,25.7353,25.3964
9,146,51.1265,25.7719,25.3546
9,147,51.1211,25.7862,25.3349
9,148,51.1158,25.7862,25.3295
9,149,51.1104,25.8008,25.3096
9,150,51.1092,25.7752,25.334
9,151,51.1039,25.6971,25.4068
9,152,51.0986,25.6248,25.4738
9,153,51.08,25.5384,25.5416
9,154,51.0309,25.4286,25.6023
9,155,51.0255,25.2775,25.7481
9,156,51.0313,25.1063,25.925
9,157,50.9064,24.9401,25.9663
9,158,51.0313,24.7806,26.2507
9,159,50.9254,24.6225,26.3029
9,160,50.3255,24.3969,25.9286
9,161,50.3224,24.1552,26.1672
9,162,50.2977,23.9223,26.3754
9,163,50.2708,23.6501,26.6207
9,164,50.2493,23.5402,26.7091
9,165,49.5813,23.5353,26.046
9,166,48.9104,23.5115,25.3988
9,167,48.2305,23.4164,24.8141
9,168,47.5089,23.3334,24.1755
9,169,46.7276,23.2846,23.443
9,170,45.9183,23.2478,22.6705
9,171,45.1015,23.2186,21.8829
9,172,44.2819,23.1917,21.0902
9,173,43.528,23.1615,20.3664
9,174,42.785,23.1218,19.6632
9,175,42.0986,23.0792,19.0194
9,176,41.4691,23.0325,18.4367
9,177,40.8621,22.9682,17.8939
9,178,40.2559,22.9067,17.3491
9,179,39.6797,22.8435,16.8362
9,180,39.3872,22.7753,16.6119
9,181,39.2492,22.71,16.5392
9,182,39.225,22.6441,16.5809
9,183,39.4757,22.5773,16.8984
9,184,39.8227,22.5084,17.3142
9,185,40.282,22.438,17.844
9,186,40.6914,22.3671,18.3243
9,187,40.9214,22.299,18.6225
9,188,41.0771,22.2942,18.7829
9,189,41.0771,22.2837,18.7934
9,190,41.1781,22.2695,18.9086
9,191,41.372,22.2533,19.1187
9,192,41.5877,22.2438,19.3439
9,193,41.8071,22.2376,19.5695
9,194,42.0303,22.2327,19.7976
9,195,42.2087,22.2202,19.9885
9,196,42.3069,22.2141,20.0928
9,197,42.391,22.2103,20.1808
9,198,42.3906,22.2064,20.1842
9,199,42.4606,22.2016,20.259
9,200,42.5382,22.1974,20.3409
9,201,42.6939,22.1935,20.5003
9,202,42.6859,22.1897,20.4962
9,203,42.6787,22.1859,20.4929
9,204,42.7821,22.182,20.6001
9,205,42.6787,22.1781,20.5006
9,206,42.6598,22.1743,20.4856
9,207,42.5483,22.1724,20.3759
9,208,42.5477,22.1707,20.377
9,209,42.5428,22.1668,20.3759
9,210,42.4736,22.163,20.3106
9,211,42.4042,22.1543,20.2499
9,212,42.3086,22.1382,20.1705
9,213,42.2441,22.1027,20.1413
9,214,42.0736,22.0906,19.9831
9,215,41.2349,22.0895,19.1454
9,216,40.3094,22.0937,18.2157
9,217,39.3891,22.0065,17.3826
9,218,38.4669,22.0214,16.4455
9,219,37.5438,22.0787,15.4651
9,220,36.6069,22.0022,14.6047
9,221,35.6648,21.6339,14.0309
9,222,34.8383,21.3871,13.4512
9,223,34.1943,21.3842,12.8101
9,224,33.6641,21.3664,12.2977
9,225,33.1687,21.3475,11.8213
9,226,32.7593,21.3291,11.4302
9,227,32.4929,21.3135,11.1793
9,228,32.3611,20.8815,11.4796
9,229,32.3013,20.3981,11.9032
9,230,32.2659,19.9139,12.352
9,231,32.2687,19.4224,12.8463
9,232,32.3151,18.9089,13.4062
9,233,32.3638,18.3733,13.9905
9,234,32.3802,17.8099,14.5702
9,235,32.3802,17.2254,15.1548
9,236,32.2872,16.6378,15.6494
9,237,32.1914,16.048,16.1434
9,238,32.1054,15.4562,16.6492
9,239,32.1071,14.9021,17.2049
9,240,32.1939,14.3611,17.8327
9,241,32.3953,13.8273,18.568
9,242,32.6864,13.3307,19.3557
9,243,33.2549,12.8617,20.3932
9,244,33.7993,12.412,21.3873
9,245,34.3096,11.9741,22.3355
9,246,34.7655,11.5354,23.23
9,247,34.7463,11.1088,23.6375
9,248,34.7133,10.7176,23.9957
9,249,34.6561,10.5065,24.1496
9,250,34.6232,10.3769,24.2463
9,251,34.611,10.3057,24.3054
9,252,34.5594,10.2882,24.2712
9,253,34.4375,10.4608,23.9767
9,254,34.31,10.6816,23.6284
9,255,33.7982,10.9482,22.85
9,256,33.0308,11.2799,21.7509
9,257,32.3666,11.5817,20.7849
9,258,31.8386,11.8233,20.0152
9,259,31.4213,11.9882,19.4331
9,260,31.0061,12.1002,18.9059
9,261,30.5559,12.1396,18.4163
9,262,30.0454,12.1593,17.8861
9,263,29.5303,12.2322,17.2981
9,264,29.1764,12.3651,16.8112
9,265,29.0013,12.5131,16.4882
9,266,28.9775,12.6685,16.309
9,267,29.1216,12.8273,16.2943
9,268,29.2821,12.9881,16.294
9,269,29.4446,13.1377,16.3069
9,270,29.5965,13.2661,16.3304
9,271,29.7257,13.3396,16.3862
9,272,29.7935,13.4047,16.3888
9,273,29.7306,13.4535,16.2771
9,274,29.6438,13.4532,16.1907
9,275,29.5531,13.4938,16.0593
9,276,29.4372,13.5466,15.8906
9,277,29.2999,13.6048,15.6951
9,278,29.1788,13.7172,15.4617
9,279,29.061,13.7527,15.3084
9,280,28.9488,13.7471,15.2017
9,281,28.8924,13.7419,15.1505
9,282,28.8924,13.807,15.0854
9,283,28.9281,13.8076,15.1205
9,284,28.9991,13.7398,15.2594
9,285,29.0106,13.7261,15.2845
9,286,29.0214,13.6636,15.3578
9,287,29.0759,13.6107,15.4652
9,288,29.1089,13.6103,15.4987
9,289,29.1203,13.6068,15.5135
9,290,29.1257,13.5768,15.5489
9,291,29.1341,13.5268,15.6073
9,292,29.1275,13.4767,15.6508
9,293,29.1125,13.4114,15.701
9,294,29.0849,13.3517,15.7332
9,295,28.9673,13.3026,15.6647
9,296,28.8728,13.1797,15.6932
9,297,28.9281,12.7433,16.1848
9,298,28.9306,12.1221,16.8085
9,299,28.9435,11.4536,17.4899
9,300,28.968,10.7891,18.1789
9,301,28.9917,10.1239,18.8679
9,302,28.9951,9.4574,19.5377
9,303,28.9909,8.791,20.1999
9,304,28.9718,8.1172,20.8545
9,305,28.9526,7.4389,21.5137
9,306,28.9202,6.7587,22.1615
9,307,28.904,6.1571,22.7469
9,308,28.9095,5.6348,23.2746
9,309,28.9065,5.1856,23.7209
9,310,28.9011,4.8027,24.0984
9,311,28.8903,4.4394,24.4509
9,312,28.8849,4.1077,24.7772
9,313,28.8884,3.816,25.0724
9,314,28.8877,3.6231,25.2646
9,315,28.8888,3.4936,25.3952
9,316,28.8814,3.4123,25.4691
9,317,28.8671,3.3692,25.4979
9,318,28.8765,3.3414,25.5351
9,319,28.8926,3.3294,25.5632
9,320,28.8984,3.3348,25.5636
9,321,28.9242,3.3684,25.5558
9,322,28.9375,3.4032,25.5343
9,323,28.9375,3.4304,25.5071
9,324,28.9242,3.4422,25.482
9,325,28.8808,3.4427,25.4381
9,326,28.8814,3.4048,25.4766
9,327,28.8897,3.3373,25.5524
9,328,28.9089,3.2681,25.6408
9,329,28.9143,3.2045,25.7097
9,330,28.9089,3.1684,25.7405
9,331,28.8927,3.1713,25.7214
9,332,28.8986,3.234,25.6646
9,333,28.9016,3.3498,25.5518
9,334,28.8909,3.512,25.3788
9,335,28.876,3.7222,25.1537
9,336,28.8789,4.1085,24.7704
9,337,28.8715,4.5105,24.361
9,338,28.8639,4.9002,23.9637
9,339,28.9375,5.2692,23.6682
9,340,28.9377,5.6099,23.3278
9,341,28.9367,5.8234,23.1133
9,342,28.9437,5.8095,23.1341
9,343,28.955,5.7863,23.1688
9,344,28.9723,5.7526,23.2198
9,345,28.9783,5.7144,23.2639
9,346,28.9753,5.6906,23.2847
9,347,28.9454,5.6788,23.2667
9,348,28.9209,5.6583,23.2625
9,349,28.91,5.6198,23.2903
9,350,28.9046,5.5318,23.3728
9,351,28.8824,5.4408,23.4416
9,352,28.877,5.2791,23.598
9,353,28.874,4.9092,23.9649
9,354,28.8956,4.3791,24.5165
9,355,28.9316,3.8618,25.0698
9,356,28.9753,3.3913,25.584
9,357,28.9975,3.0105,25.987
9,358,29.0382,2.6868,26.3514
9,359,29.0681,2.3856,26.6824
9,360,29.0896,2.0851,27.0045
9,361,29.095,1.7624,27.3327
9,362,29.098,1.4131,27.685
9,363,29.1034,1.043,28.0604
9,364,29.0418,0.6712,28.3706
9,365,28.986,0.3911,28.5949
9,366,28.956,0.1876,28.7684
9,367,28.9326,0.0635,28.8692
9,368,28.9302,0.0463,28.8839
9,369,28.9375,0.1068,28.8306
