alpha,beta1,beta2,window,corr_min_completion,corr_knn_completion,corr_min_rmsd,corr_knn_rmsd,auc_min_success,auc_knn_success
0.05,0.1,0.1,6,0.7227841620423713,0.6589123155186248,0.42906152275480636,0.38780889575161415,0.8979248276226608,0.9232257958263713
0.05,0.1,0.1,12,0.8043785697295248,0.6152963094034074,0.47856785743877495,0.35854423598997665,0.925993339,0.8789898477867155
0.05,0.1,0.1,24,0.8543781113658578,0.6850739476136058,0.5102333668706222,0.4156598214133075,0.9469166007751006,0.8822370227366738
0.05,0.1,0.1,48,0.8889928503674634,0.7902335633686111,0.5323413840563224,0.48590533613007564,0.9608569085913261,0.9217457745168611
0.05,0.1,0.1,72,0.8989421941299064,0.8320983847755057,0.5383473612986654,0.5103104811835552,0.964135922,0.9398762766434424
0.05,0.1,0.1,96,0.9060154475198247,0.8573193299543466,0.5424654219045928,0.5248640738789299,0.9677559047311319,0.9501707150577463
0.05,0.1,0.1,120,0.9096805408280118,0.873958492,0.5443804508943288,0.5339639228258737,0.9686969652752502,0.9578350357857655
0.05,0.1,0.1,240,0.9096805408280118,0.873958492,0.5443804508943288,0.5339639228258737,0.9686969652752502,0.9578350357857655
0.05,0.1,0.1,480,0.9096805408280118,0.873958492,0.5443804508943288,0.5339639228258737,0.9686969652752502,0.9578350357857655
0.05,0.1,0.3,6,0.7248458781735125,0.663271755,0.4314957833071477,0.39244859600666315,0.8986988011381387,0.9244062086520253
0.05,0.1,0.3,12,0.8055114412874376,0.6200706743139669,0.4803229846527787,0.3632522873343397,0.9267755846870713,0.8801391154335256
0.05,0.1,0.3,24,0.854735058,0.6889221362276384,0.5113280991843476,0.41956114184440196,0.9476865662511145,0.8831143916160735
0.05,0.1,0.3,48,0.8885864385479421,0.792184095,0.5330321788295098,0.48880399846602834,0.9615402491843339,0.9224345395241813
0.05,0.1,0.3,72,0.8982188074654477,0.8328931085035287,0.5388842197026219,0.5126628772589268,0.9647683181416584,0.9404701897393829
0.05,0.1,0.3,96,0.9050323364849382,0.8572534015828516,0.5428826020588384,0.5268067521557342,0.9683482658418665,0.9507046582398995
0.05,0.1,0.3,120,0.9085297108974468,0.8732489409090113,0.544724847,0.5356074601989825,0.9692585126991267,0.9583214701392322
0.05,0.1,0.3,240,0.9085297108974468,0.8732489409090113,0.544724847,0.5356074601989825,0.9692585126991267,0.9583214701392322
0.05,0.1,0.3,480,0.9085297108974468,0.8732489409090113,0.544724847,0.5356074601989825,0.9692585126991267,0.9583214701392322
0.05,0.1,0.5,6,0.7265688824039542,0.667998611,0.43382173,0.39756574512239296,0.8991395348010232,0.9249436777034815
0.05,0.1,0.5,12,0.8057236919762703,0.6256131239601114,0.48162641601925565,0.368709191,0.9272149773141953,0.8806671218955702
0.05,0.1,0.5,24,0.853687899,0.6928902788790482,0.5116866388221039,0.42369420086667287,0.9481164962888269,0.8836232167463967
0.05,0.1,0.5,48,0.8862873616344176,0.792968075,0.5326929206983689,0.49108760362238446,0.961929722,0.922872712
0.05,0.1,0.5,72,0.895408021,0.8318624045990493,0.5382778020868804,0.5140091414869172,0.965131106,0.9408573121074797
0.05,0.1,0.5,96,0.9018055273405398,0.8549200054345466,0.5420667958430746,0.5274811940646741,0.9686884670261608,0.9510536439618164
0.05,0.1,0.5,120,0.9050383688925585,0.8699697990753072,0.5437827678906241,0.5358098460668447,0.9695806927736497,0.9586391750719475
0.05,0.1,0.5,240,0.9050383688925585,0.8699697990753072,0.5437827678906241,0.5358098460668447,0.9695806927736497,0.9586391750719475
0.05,0.1,0.5,480,0.9050383688925585,0.8699697990753072,0.5437827678906241,0.5358098460668447,0.9695806927736497,0.9586391750719475
0.05,0.1,0.7,6,0.7279507864760548,0.6729005598810756,0.4360008043610282,0.402941784,0.8994608409421292,0.9253193033267995
0.05,0.1,0.7,12,0.8051067172927971,0.631659371,0.48249623591003143,0.3746556865812928,0.927523868,0.8810269263104769
0.05,0.1,0.7,24,0.8514260290902237,0.6968275142364985,0.5113856853701786,0.4278858022879233,0.9484141308885861,0.8839853868086562
0.05,0.1,0.7,48,0.8824149233645433,0.7927768280125225,0.5314713293392298,0.4927784,0.9622053125146723,0.9232046255427353
0.05,0.1,0.7,72,0.8908926745722967,0.8294452955906862,0.5367094889673594,0.5145019388032628,0.9653922764657628,0.9411518276690094
0.05,0.1,0.7,96,0.8967733919080061,0.8509542397724645,0.5402284542722637,0.5271440332251018,0.9689333341289141,0.951314814
0.05,0.1,0.7,120,0.8996825639892552,0.8649040368477736,0.5417838325844877,0.5349043173041738,0.9698151480144868,0.9588761617061303
0.05,0.1,0.7,240,0.8996825639892552,0.8649040368477736,0.5417838325844877,0.5349043173041738,0.9698151480144868,0.9588761617061303
0.05,0.1,0.7,480,0.8996825639892552,0.8649040368477736,0.5417838325844877,0.5349043173041738,0.9698151480144868,0.9588761617061303
0.05,0.1,0.9,6,0.7290084768285892,0.6778018970794722,0.4380072936987091,0.4083723955749473,0.8997107406959393,0.9256217144247172
0.05,0.1,0.9,12,0.8037886839737365,0.6379479974809976,0.48297347240435207,0.38083568209538193,0.9277640636529707,0.881313818
0.05,0.1,0.9,24,0.848190081,0.7006126696671053,0.5105333930076705,0.4319890918901841,0.9486422576460587,0.8842667632332958
0.05,0.1,0.9,48,0.8773500046156152,0.7918534992766261,0.5295546673679735,0.4939516006603534,0.9624210384583141,0.923464214
0.05,0.1,0.9,72,0.8851186583033417,0.8261160666626746,0.5344021263066036,0.5143454357656886,0.9655992329395993,0.9413831186681642
0.05,0.1,0.9,96,0.8904371183283275,0.8460003859375249,0.5376203475556005,0.5260945919101101,0.9691276487038394,0.9515203846777656
0.05,0.1,0.9,120,0.893,0.8588180333343162,0.539,0.5332566479660938,0.97,0.9590655943081743
0.05,0.1,0.9,240,0.893,0.8588180333343162,0.539,0.5332566479660938,0.97,0.9590655943081743
0.05,0.1,0.9,480,0.893,0.8588180333343162,0.539,0.5332566479660938,0.97,0.9590655943081743
0.05,0.3,0.1,6,0.722025297,0.6575728305790343,0.4282343055720384,0.38640398309416185,0.8974525419498589,0.9223977891172146
0.05,0.3,0.1,12,0.8037882443653047,0.6139161249471132,0.4778835004618881,0.35718117196752946,0.9255185821448895,0.8781933930874761
0.05,0.3,0.1,24,0.8539265755797416,0.6838457410099409,0.5096984016959483,0.4144414497066901,0.9464514120443577,0.881696691
0.05,0.3,0.1,48,0.8886700410610917,0.7893072970791553,0.531866757,0.48480968560943216,0.9604454969013636,0.9213627204594986
0.05,0.3,0.1,72,0.8986730439230655,0.8313747869400666,0.5378944570991904,0.5092922946577192,0.9637531088674529,0.9395566580979003
0.05,0.3,0.1,96,0.9057903655488928,0.8567540616288962,0.5420285782716866,0.5239091091224468,0.9673953167897136,0.9498879674617111
0.05,0.3,0.1,120,0.9094844713865018,0.8735168494313693,0.5439533620032964,0.5330585911545387,0.9683543833757855,0.9575781144289843
0.05,0.3,0.1,240,0.9094844713865018,0.8735168494313693,0.5439533620032964,0.5330585911545387,0.9683543833757855,0.9575781144289843
0.05,0.3,0.1,480,0.9094844713865018,0.8735168494313693,0.5439533620032964,0.5330585911545387,0.9683543833757855,0.9575781144289843
0.05,0.3,0.3,6,0.7227841620423712,0.6589123155186248,0.42906152275480636,0.38780889575161415,0.8979248276226608,0.9232257958263713
0.05,0.3,0.3,12,0.8043785697295247,0.6152963094034073,0.47856785743877495,0.3585442359899767,0.925993339,0.8789898477867155
0.05,0.3,0.3,24,0.8543781113658578,0.6850739476136058,0.510233367,0.4156598214133075,0.9469166007751006,0.8822370227366738
0.05,0.3,0.3,48,0.8889928503674634,0.7902335633686111,0.5323413840563224,0.48590533613007564,0.9608569085913261,0.9217457745168611
0.05,0.3,0.3,72,0.8989421941299064,0.8320983847755057,0.5383473612986654,0.5103104811835552,0.964135922,0.9398762766434424
0.05,0.3,0.3,96,0.9060154475198247,0.8573193299543466,0.5424654219045928,0.5248640738789299,0.9677559047311319,0.9501707150577463
0.05,0.3,0.3,120,0.9096805408280118,0.873958492,0.5443804508943288,0.5339639228258737,0.9686969652752502,0.9578350357857655
0.05,0.3,0.3,240,0.9096805408280118,0.873958492,0.5443804508943288,0.5339639228258737,0.9686969652752502,0.9578350357857655
0.05,0.3,0.3,480,0.9096805408280118,0.873958492,0.5443804508943288,0.5339639228258737,0.9686969652752502,0.9578350357857655
0.05,0.3,0.5,6,0.7235079743030401,0.6603129335161717,0.42988211922469255,0.38928934440461704,0.898253442,0.9237689303772205
0.05,0.3,0.5,12,0.80486202,0.6167873039470099,0.4792030342906446,0.3600155331363211,0.9263235501610358,0.8795162118566487
0.05,0.3,0.5,24,0.854661497,0.6863333777434785,0.5106829516761062,0.41692346446034206,0.947241297,0.8826046624166984
0.05,0.3,0.5,48,0.8890827422276041,0.7910208999984537,0.5326925143031058,0.486938204,0.9611426848186857,0.9220235497331098
0.05,0.3,0.5,72,0.8989514371098817,0.8325875310124291,0.5386614909670607,0.5112116347664044,0.9644014619881456,0.9401115907498789
0.05,0.3,0.5,96,0.905958477,0.8575822100501016,0.5427511454743095,0.5256635996018904,0.9680057140780369,0.9503843465747507
0.05,0.3,0.5,120,0.9095804872300556,0.8740493513935774,0.544648875,0.5346873976853183,0.9689349463853905,0.9580274367478636
0.05,0.3,0.5,240,0.9095804872300556,0.8740493513935774,0.544648875,0.5346873976853183,0.9689349463853905,0.9580274367478636
0.05,0.3,0.5,480,0.9095804872300556,0.8740493513935774,0.544648875,0.5346873976853183,0.9689349463853905,0.9580274367478636
0.05,0.3,0.7,6,0.7241955211050085,0.6617683407613913,0.4306941531323431,0.3908384088781889,0.8984977813844108,0.9241364645825224
0.05,0.3,0.7,12,0.8052391802261732,0.618381571,0.47978821530607363,0.36158764785003966,0.9265719129974572,0.8798771463578705
0.05,0.3,0.7,24,0.8547792010093664,0.6876181186803549,0.5110475051954837,0.418226091,0.9474862697526281,0.8828861141804256
0.05,0.3,0.7,48,0.8889448537195483,0.7916701309899674,0.532921831,0.48790511409664133,0.9613629612432228,0.9222454082784881
0.05,0.3,0.7,72,0.8987073048186605,0.8328490255358811,0.5388392023700111,0.5119952726841115,0.9646049679317668,0.940305227
0.05,0.3,0.7,96,0.9056272459809362,0.8575547224143945,0.5428887046318375,0.5263096372374607,0.9681952220191685,0.9505586661558074
0.05,0.3,0.7,120,0.9091929848385272,0.8738056615550862,0.5447619970495069,0.5352329189724268,0.9691151876187383,0.958186267
0.05,0.3,0.7,240,0.9091929848385272,0.8738056615550862,0.5447619970495069,0.5352329189724268,0.9691151876187383,0.958186267
0.05,0.3,0.7,480,0.9091929848385272,0.8738056615550862,0.5447619970495069,0.5352329189724268,0.9691151876187383,0.958186267
0.05,0.3,0.9,6,0.7248458781735125,0.663271755,0.4314957833071477,0.39244859600666315,0.8986988011381387,0.9244062086520253
0.05,0.3,0.9,12,0.8055114412874376,0.6200706743139669,0.4803229846527787,0.3632522873343397,0.9267755846870713,0.8801391154335256
0.05,0.3,0.9,24,0.854735058,0.6889221362276384,0.5113280991843476,0.41956114184440196,0.9476865662511145,0.8831143916160735
0.05,0.3,0.9,48,0.8885864385479421,0.792184095,0.5330321788295098,0.48880399846602834,0.9615402491843339,0.9224345395241813
0.05,0.3,0.9,72,0.8982188074654477,0.8328931085035287,0.5388842197026219,0.5126628772589268,0.9647683181416584,0.9404701897393829
0.05,0.3,0.9,96,0.9050323364849382,0.8572534015828516,0.5428826020588384,0.5268067521557342,0.9683482658418665,0.9507046582398995
0.05,0.3,0.9,120,0.9085297108974468,0.8732489409090113,0.544724847,0.5356074601989825,0.9692585126991267,0.9583214701392322
0.05,0.3,0.9,240,0.9085297108974468,0.8732489409090113,0.544724847,0.5356074601989825,0.9692585126991267,0.9583214701392322
0.05,0.3,0.9,480,0.9085297108974468,0.8732489409090113,0.544724847,0.5356074601989825,0.9692585126991267,0.9583214701392322
0.05,0.5,0.1,6,0.7218694447747738,0.6573127889493648,0.42806824434485413,0.3861326245863214,0.8973295734909597,0.9221989994004818
0.05,0.5,0.1,12,0.8036573612313349,0.6136539750425116,0.4777408275020369,0.35692212798832706,0.9253966382975827,0.877992283
0.05,0.5,0.1,24,0.8538159747396566,0.6836043506434395,0.5095811850446444,0.4142037337141715,0.9463326927100031,0.8815549930437915
0.05,0.5,0.1,48,0.8885772368213684,0.7891054508167943,0.531756951,0.48458337834703197,0.960337174,0.9212615099291193
0.05,0.5,0.1,72,0.8985876387976783,0.8312016050907634,0.5377871186763706,0.509074802,0.9636516120485403,0.9394721125737141
0.05,0.5,0.1,96,0.905711031,0.8566040276731259,0.5419229319720099,0.5236994928152452,0.9672987923505876,0.9498164405318748
0.05,0.5,0.1,120,0.9094091905457851,0.8733854318208687,0.5438487347427237,0.5328555990800553,0.9682615053485029,0.9575143474251783
0.05,0.5,0.1,240,0.9094091905457851,0.8733854318208687,0.5438487347427237,0.5328555990800553,0.9682615053485029,0.9575143474251783
0.05,0.5,0.1,480,0.9094091905457851,0.8733854318208687,0.5438487347427237,0.5328555990800553,0.9682615053485029,0.9575143474251783
0.05,0.5,0.3,6,0.7223329600328442,0.6581009049075427,0.4285658591027814,0.3869564693522123,0.8976663241450387,0.9227687437170968
0.05,0.5,0.3,12,0.8040372025845434,0.6144544617832122,0.47816307594212687,0.35771297661382373,0.925732922,0.8785519770091625
0.05,0.5,0.3,24,0.8541274661931233,0.684332907,0.5099226246893666,0.41492297897601155,0.9466621957438479,0.8819425071751441
0.05,0.5,0.3,48,0.8888273499781398,0.7896944391623526,0.5320714845308137,0.48525523059979686,0.9606324583813319,0.9215365578703943
0.05,0.5,0.3,72,0.8988122004622994,0.8316926376727007,0.5380923622558322,0.5097134962067303,0.9639261928874718,0.9397005406875374
0.05,0.5,0.3,96,0.9059146180161952,0.8570170130297652,0.5422215707390903,0.5243097548552734,0.9675592094410366,0.9500133919748684
0.05,0.5,0.3,120,0.9095988538929077,0.8737363878983763,0.5441433786329255,0.5334426559219212,0.9685094312182156,0.9576921476720857
0.05,0.5,0.3,240,0.9095988538929077,0.8737363878983763,0.5441433786329255,0.5334426559219212,0.9685094312182156,0.9576921476720857
0.05,0.5,0.3,480,0.9095988538929077,0.8737363878983763,0.5441433786329255,0.5334426559219212,0.9685094312182156,0.9576921476720857
0.05,0.5,0.5,6,0.7227841620423712,0.6589123155186248,0.42906152275480636,0.38780889575161415,0.8979248276226608,0.9232257958263713
0.05,0.5,0.5,12,0.8043785697295248,0.6152963094034073,0.47856785743877495,0.3585442359899767,0.925993339,0.8789898477867155
0.05,0.5,0.5,24,0.8543781113658578,0.6850739476136058,0.510233367,0.41565982141330743,0.9469166007751006,0.8822370227366738
0.05,0.5,0.5,48,0.8889928503674636,0.7902335633686111,0.5323413840563225,0.48590533613007564,0.9608569085913261,0.9217457745168611
0.05,0.5,0.5,72,0.8989421941299064,0.8320983847755057,0.5383473612986653,0.5103104811835552,0.964135922,0.9398762766434424
0.05,0.5,0.5,96,0.9060154475198247,0.8573193299543466,0.5424654219045928,0.5248640738789299,0.9677559047311319,0.9501707150577463
0.05,0.5,0.5,120,0.9096805408280118,0.873958492,0.5443804508943287,0.5339639228258737,0.9686969652752502,0.9578350357857655
0.05,0.5,0.5,240,0.9096805408280118,0.873958492,0.5443804508943287,0.5339639228258737,0.9686969652752502,0.9578350357857655
0.05,0.5,0.5,480,0.9096805408280118,0.873958492,0.5443804508943287,0.5339639228258737,0.9686969652752502,0.9578350357857655
0.05,0.5,0.7,6,0.7232227397450013,0.659745745,0.429554801,0.3886885290115265,0.8981328087080898,0.923577253
0.05,0.5,0.7,12,0.8046814456348909,0.6161780692268988,0.47895492637673515,0.35941447936686904,0.9262040774358047,0.8793327159747134
0.05,0.5,0.7,24,0.8545681946780189,0.6858262331736722,0.5105133576391092,0.41641296949530343,0.9471234216385795,0.8824724272500155
0.05,0.5,0.7,48,0.8890744563482791,0.7907226312257533,0.5325668010116815,0.48653281893878936,0.9610381593684489,0.9219201995726407
0.05,0.5,0.7,72,0.8989785690350947,0.8324196541332358,0.5385523731701078,0.5108652939506131,0.9643045307179461,0.9400251768163185
0.05,0.5,0.7,96,0.9060146790245279,0.8575126854127233,0.5426548375458772,0.5253623791583809,0.9679147647313984,0.95030506
0.05,0.5,0.7,120,0.9096555594129148,0.8740541930276298,0.5445603687278686,0.5344196544089522,0.9688483667058372,0.9579560906318376
0.05,0.5,0.7,240,0.9096555594129148,0.8740541930276298,0.5445603687278686,0.5344196544089522,0.9688483667058372,0.9579560906318376
0.05,0.5,0.7,480,0.9096555594129148,0.8740541930276298,0.5445603687278686,0.5344196544089522,0.9688483667058372,0.9579560906318376
0.05,0.5,0.9,6,0.723648419,0.6605998434251183,0.43004527150849026,0.3895939005543943,0.8983072638995042,0.9238524362219968
0.05,0.5,0.9,12,0.8049459217442705,0.6170981537697439,0.4793240891912838,0.36032214453169037,0.9263791654755558,0.8795992656668989
0.05,0.5,0.9,24,0.8546981889943375,0.6865884932275471,0.5107626407505789,0.41718107796340875,0.9472957673355393,0.8826645117879456
0.05,0.5,0.9,48,0.889073184,0.7911617316399304,0.5327480478896072,0.48713694488046855,0.9611908566313436,0.9220712243077891
0.05,0.5,0.9,72,0.8989226263550933,0.8326577605590116,0.5387078464528167,0.5113777433817566,0.9644459421855074,0.9401535546217126
0.05,0.5,0.9,96,0.9059138714932562,0.8575994724298424,0.5427903876814811,0.5258049756271086,0.9680473916613372,0.9504219709151344
0.05,0.5,0.9,120,0.90952565,0.8740267577105105,0.5446837850798832,0.534810556,0.9689749966443972,0.9580617311005721
0.05,0.5,0.9,240,0.90952565,0.8740267577105105,0.5446837850798832,0.534810556,0.9689749966443972,0.9580617311005721
0.05,0.5,0.9,480,0.90952565,0.8740267577105105,0.5446837850798832,0.534810556,0.9689749966443972,0.9580617311005721
0.05,0.7,0.1,6,0.7218022429254639,0.6572021731719646,0.42799702294636355,0.3860173411294074,0.8972720144279779,0.922108743
0.05,0.7,0.1,12,0.8035999634487307,0.6135430738594722,0.4776790971135772,0.3568125249995707,0.9253384765218995,0.8779020266998111
0.05,0.7,0.1,24,0.8537665011428582,0.6835013605215707,0.5095299097092891,0.4141024933321753,0.9462751939182914,0.8814878508488577
0.05,0.7,0.1,48,0.8885345713552766,0.7890172634239025,0.5317083722317174,0.4844856816300296,0.9602872245459813,0.9212139860326154
0.05,0.7,0.1,72,0.8985478000276493,0.8311244726576081,0.5377394048312659,0.508980195,0.9636043141692996,0.9394338403171765
0.05,0.7,0.1,96,0.90567351,0.8565359293048853,0.5418757865734363,0.5236077676124923,0.9672544025601308,0.9497808804824933
0.05,0.7,0.1,120,0.9093732256660747,0.8733246739989038,0.5438019298375832,0.5327663698678864,0.968218411,0.9574835337383203
0.05,0.7,0.1,240,0.9093732256660747,0.8733246739989038,0.5438019298375832,0.5327663698678864,0.968218411,0.9574835337383203
0.05,0.7,0.1,480,0.9093732256660747,0.8733246739989038,0.5438019298375832,0.5327663698678864,0.968218411,0.9574835337383203
0.05,0.7,0.3,6,0.7221357989697545,0.6577602170017358,0.42835280892925304,0.38659981665377385,0.8975335917403771,0.9225362774281743
0.05,0.7,0.3,12,0.8038791196886651,0.6141062521709637,0.4779842349791291,0.35736901511988806,0.9255995415285023,0.8783266076622988
0.05,0.7,0.3,24,0.8540014302163712,0.6840190693411615,0.5097800456469403,0.4146125031079219,0.9465316632405465,0.8817909701341996
0.05,0.7,0.3,48,0.8887305504569953,0.7894481000638244,0.531942153,0.4849699007782362,0.9605158334736148,0.921428612
0.05,0.7,0.3,72,0.898727582,0.8314926667244613,0.537967704,0.5094448406937343,0.9638186990771807,0.9396099228328849
0.05,0.7,0.3,96,0.9058400020750778,0.8568536446020723,0.5421003040070359,0.5240550463639961,0.9674576372830364,0.9499354461547624
0.05,0.7,0.3,120,0.9095308516764391,0.873601868,0.5440241680291183,0.5331991143603935,0.9684134040170682,0.9576203796571687
0.05,0.7,0.3,240,0.9095308516764391,0.873601868,0.5440241680291183,0.5331991143603935,0.9684134040170682,0.9576203796571687
0.05,0.7,0.3,480,0.9095308516764391,0.873601868,0.5440241680291183,0.5331991143603935,0.9684134040170682,0.9576203796571687
0.05,0.7,0.5,6,0.7224631456268877,0.6583304138017061,0.4287076955288825,0.38719716151087524,0.8977469520366658,0.9229113606100611
0.05,0.7,0.5,12,0.8041386647892725,0.6146908298060265,0.47828052185291714,0.3579464154818782,0.9258145140812672,0.8786870599933594
0.05,0.7,0.5,24,0.8542052790486332,0.6845434127383566,0.5100145447699541,0.41513176511955585,0.9467422661262264,0.8820340441666663
0.05,0.7,0.5,48,0.8888832440378451,0.7898535765802975,0.5321531496287512,0.48544323502107195,0.9607018758167136,0.9216002796707479
0.05,0.7,0.5,72,0.8988589565409043,0.831817242,0.538170339,0.5098883447745496,0.9639909995706879,0.9397552519330052
0.05,0.7,0.5,96,0.905953869,0.8571146207106053,0.5422968218419235,0.5244738504825275,0.9676206861365775,0.9500621966358628
0.05,0.7,0.5,120,0.9096331621291514,0.8738129034202985,0.5442169744890956,0.5335983001459556,0.9685678642146145,0.9577352114945992
0.05,0.7,0.5,240,0.9096331621291514,0.8738129034202985,0.5442169744890956,0.5335983001459556,0.9685678642146145,0.9577352114945992
0.05,0.7,0.5,480,0.9096331621291514,0.8738129034202985,0.5442169744890956,0.5335983001459556,0.9685678642146145,0.9577352114945992
0.05,0.7,0.7,6,0.7227841620423713,0.6589123155186248,0.42906152275480636,0.38780889575161415,0.8979248276226608,0.9232257958263713
0.05,0.7,0.7,12,0.8043785697295248,0.6152963094034074,0.47856785743877495,0.3585442359899767,0.925993339,0.8789898477867155
0.05,0.7,0.7,24,0.8543781113658578,0.6850739476136058,0.5102333668706222,0.41565982141330743,0.9469166007751006,0.8822370227366738
0.05,0.7,0.7,48,0.8889928503674634,0.7902335633686111,0.5323413840563224,0.48590533613007564,0.9608569085913261,0.9217457745168611
0.05,0.7,0.7,72,0.8989421941299064,0.8320983847755057,0.5383473612986654,0.5103104811835552,0.964135922,0.9398762766434424
0.05,0.7,0.7,96,0.9060154475198247,0.8573193299543466,0.5424654219045928,0.5248640738789299,0.9677559047311319,0.9501707150577463
0.05,0.7,0.7,120,0.9096805408280118,0.873958492,0.5443804508943288,0.5339639228258737,0.9686969652752502,0.9578350357857655
0.05,0.7,0.7,240,0.9096805408280118,0.873958492,0.5443804508943288,0.5339639228258737,0.9686969652752502,0.9578350357857655
0.05,0.7,0.7,480,0.9096805408280118,0.873958492,0.5443804508943288,0.5339639228258737,0.9686969652752502,0.9578350357857655
0.05,0.7,0.9,6,0.7230987367225573,0.6595054529260496,0.4294141329433934,0.38843451299914644,0.8980769071050365,0.92348671
0.05,0.7,0.9,12,0.8045988340212631,0.6159221552635551,0.4788461549199585,0.3591619491183752,0.9261474827131451,0.8792433186132811
0.05,0.7,0.9,24,0.8545200408465181,0.6856102205559104,0.5104364974382823,0.4161961980333943,0.9470679720700523,0.8824105889268539
0.05,0.7,0.9,48,0.8890596472201142,0.7905880053391676,0.5325069199454798,0.48635589207452967,0.960990153,0.9218730825072102
0.05,0.7,0.9,72,0.8989776597066468,0.832336416,0.5384988764399424,0.5107110954799736,0.9642593875366128,0.9399852018963994
0.05,0.7,0.9,96,0.9060251821295087,0.8574684323001766,0.5426062441964915,0.5252257109958787,0.9678722885537687,0.9502686257360856
0.05,0.7,0.9,120,0.9096734878878672,0.8740395723877223,0.5445147619616694,0.5342960997058286,0.9688078794801218,0.9579230167723495
0.05,0.7,0.9,240,0.9096734878878672,0.8740395723877223,0.5445147619616694,0.5342960997058286,0.9688078794801218,0.9579230167723495
0.05,0.7,0.9,480,0.9096734878878672,0.8740395723877223,0.5445147619616694,0.5342960997058286,0.9688078794801218,0.9579230167723495
0.05,0.9,0.1,6,0.7217648034077464,0.657140937,0.42795744267158076,0.38595355938985987,0.8972409144525866,0.922058145
0.05,0.9,0.1,12,0.8035677377542828,0.6134818396907149,0.4776446513574139,0.35675200348890357,0.925306834,0.8778522576984946
0.05,0.9,0.1,24,0.8537384783174464,0.6834442657099397,0.5095011542107424,0.41404641600308767,0.9462437624509143,0.8814482676921945
0.05,0.9,0.1,48,0.8885101180719364,0.788967835,0.531680991,0.4844312239153142,0.9602589271846513,0.9211859900276362
0.05,0.9,0.1,72,0.8985248276204756,0.831080866,0.537712453,0.5089272751563292,0.9635772071655548,0.9394127152369931
0.05,0.9,0.1,96,0.9056517519932803,0.8564971112162479,0.5418491102637911,0.5235563203357995,0.9672285612530591,0.9497610361668003
0.05,0.9,0.1,120,0.9093522844697799,0.8732897677808734,0.5437754176812746,0.5327162200123091,0.9681937604408675,0.957465995
0.05,0.9,0.1,240,0.9093522844697799,0.8732897677808734,0.5437754176812746,0.5327162200123091,0.9681937604408675,0.957465995
0.05,0.9,0.1,480,0.9093522844697799,0.8732897677808734,0.5437754176812746,0.5327162200123091,0.9681937604408675,0.957465995
0.05,0.9,0.3,6,0.722025297,0.6575728305790343,0.4282343055720384,0.38640398309416185,0.8974525419498589,0.9223977891172146
0.05,0.9,0.3,12,0.8037882443653047,0.6139161249471132,0.4778835004618881,0.35718117196752946,0.9255185821448895,0.8781933930874761
0.05,0.9,0.3,24,0.8539265755797416,0.6838457410099409,0.5096984016959483,0.4144414497066901,0.9464514120443577,0.881696691
0.05,0.9,0.3,48,0.8886700410610917,0.7893072970791553,0.5318667572583139,0.48480968560943216,0.9604454969013636,0.9213627204594986
0.05,0.9,0.3,72,0.8986730439230655,0.8313747869400666,0.5378944570991904,0.5092922946577192,0.9637531088674529,0.9395566580979003
0.05,0.9,0.3,96,0.9057903655488928,0.8567540616288962,0.5420285782716866,0.5239091091224468,0.9673953167897136,0.9498879674617111
0.05,0.9,0.3,120,0.9094844713865018,0.8735168494313693,0.5439533620032965,0.5330585911545387,0.9683543833757855,0.9575781144289843
0.05,0.9,0.3,240,0.9094844713865018,0.8735168494313693,0.5439533620032965,0.5330585911545387,0.9683543833757855,0.9575781144289843
0.05,0.9,0.3,480,0.9094844713865018,0.8735168494313693,0.5439533620032965,0.5330585911545387,0.9683543833757855,0.9575781144289843
0.05,0.9,0.5,6,0.72228206,0.6580121635581212,0.4285106569016774,0.386863495,0.8976332352177328,0.9227096176010915
0.05,0.9,0.5,12,0.8039968965821809,0.614363451,0.47811701702128073,0.3576230842347155,0.9257010986186851,0.8784963616946426
0.05,0.9,0.5,24,0.854095864,0.6842513178461875,0.5098862009365022,0.41484217080145985,0.946629725,0.8819048526991253
0.05,0.9,0.5,48,0.888803748,0.7896314521656661,0.5320387416844671,0.4851816368931777,0.9606034679003954,0.9215102645287966
0.05,0.9,0.5,72,0.8987919330673659,0.8316422998333147,0.5380609303384684,0.5096445787850536,0.9638995228504359,0.93967922
0.05,0.9,0.5,96,0.9058970889323407,0.8569766151768337,0.5421910985026629,0.5242447055692073,0.9675335941512277,0.9499947982880309
0.05,0.9,0.5,120,0.9095831319838681,0.8737037922849734,0.5441134887662327,0.5333806764311951,0.9684852775067079,0.9576747895462858
0.05,0.9,0.5,240,0.9095831319838681,0.8737037922849734,0.5441134887662327,0.5333806764311951,0.9684852775067079,0.9576747895462858
0.05,0.9,0.5,480,0.9095831319838681,0.8737037922849734,0.5441134887662327,0.5333806764311951,0.9684852775067079,0.9576747895462858
0.05,0.9,0.7,6,0.7225350337392582,0.65845873,0.42878642094197944,0.38733187635473365,0.8977884036027032,0.9229860216459446
0.05,0.9,0.7,12,0.8041936747581189,0.6148235927608249,0.47834515104172076,0.358077518,0.9258568847841744,0.8787590690933569
0.05,0.9,0.7,24,0.8542463634437397,0.6846607901264175,0.5100645276194895,0.4152483674133338,0.9467837327600814,0.8820815831309877
0.05,0.9,0.7,48,0.8889113160415548,0.7899402240035569,0.5321969450377755,0.4855469064798724,0.9607380687144313,0.9216345137521862
0.05,0.9,0.7,72,0.8988816023741819,0.8318834628429398,0.5382118873900987,0.5099840060116352,0.9640251432452211,0.9397839109219559
0.05,0.9,0.7,96,0.9059720577604484,0.8571649538658723,0.5423366971419663,0.5245630384853027,0.9676523586890349,0.9500879324682117
0.05,0.9,0.7,120,0.9096484221057137,0.8738508828086926,0.544255832,0.5336824478948278,0.9685979998496834,0.9577592145279317
0.05,0.9,0.7,240,0.9096484221057137,0.8738508828086926,0.544255832,0.5336824478948278,0.9685979998496834,0.9577592145279317
0.05,0.9,0.7,480,0.9096484221057137,0.8738508828086926,0.544255832,0.5336824478948278,0.9685979998496834,0.9577592145279317
0.05,0.9,0.9,6,0.7227841620423712,0.6589123155186248,0.42906152275480636,0.38780889575161415,0.8979248276226608,0.9232257958263713
0.05,0.9,0.9,12,0.8043785697295248,0.6152963094034073,0.47856785743877495,0.3585442359899767,0.925993339,0.8789898477867155
0.05,0.9,0.9,24,0.8543781113658578,0.6850739476136058,0.510233367,0.4156598214133075,0.9469166007751006,0.8822370227366738
0.05,0.9,0.9,48,0.8889928503674634,0.7902335633686111,0.5323413840563224,0.48590533613007564,0.9608569085913261,0.9217457745168611
0.05,0.9,0.9,72,0.8989421941299063,0.8320983847755057,0.5383473612986654,0.5103104811835552,0.964135922,0.9398762766434424
0.05,0.9,0.9,96,0.9060154475198247,0.8573193299543466,0.5424654219045928,0.5248640738789299,0.9677559047311319,0.9501707150577463
0.05,0.9,0.9,120,0.9096805408280118,0.873958492,0.5443804508943288,0.5339639228258737,0.9686969652752502,0.9578350357857655
0.05,0.9,0.9,240,0.9096805408280118,0.873958492,0.5443804508943288,0.5339639228258737,0.9686969652752502,0.9578350357857655
0.05,0.9,0.9,480,0.9096805408280118,0.873958492,0.5443804508943288,0.5339639228258737,0.9686969652752502,0.9578350357857655
0.1,0.1,0.1,6,0.7222642944425336,0.6578957080039476,0.42841226146032974,0.3866336766169609,0.8975157363765986,0.9225612598696465
0.1,0.1,0.1,12,0.8039780366361347,0.614293465,0.4780040111074793,0.3574458135328825,0.9255624746973674,0.8783240612011354
0.1,0.1,0.1,24,0.854063227,0.6842713464560889,0.5097990838046604,0.4147468853048264,0.9464620649913544,0.8817155858430743
0.1,0.1,0.1,48,0.8887457337371485,0.7896385457243171,0.5319349409716402,0.4850615344201264,0.9604361849901275,0.9213169142941937
0.1,0.1,0.1,72,0.8987211586315247,0.8316279341881654,0.5379485815036966,0.5095056803568098,0.9637344247737101,0.9394984812543996
0.1,0.1,0.1,96,0.9058158924674761,0.8569444814985065,0.5420708898794555,0.5240908417024928,0.9673696261608173,0.9498256469683883
0.1,0.1,0.1,120,0.9094950761074143,0.8736585576771501,0.543988361,0.5332164988919349,0.968325333,0.9575140762044627
0.1,0.1,0.1,240,0.9094950761074143,0.8736585576771501,0.543988361,0.5332164988919349,0.968325333,0.9575140762044627
0.1,0.1,0.1,480,0.9094950761074143,0.8736585576771501,0.543988361,0.5332164988919349,0.968325333,0.9575140762044627
0.1,0.1,0.3,6,0.7234127792961942,0.6600202930295881,0.4295840460029261,0.3886704254298639,0.8978913318642815,0.9232427471210977
0.1,0.1,0.3,12,0.8046170057907215,0.616702318,0.47878179362471496,0.3596078789087724,0.9259134644390166,0.8789579642848124
0.1,0.1,0.3,24,0.8542340468726556,0.686444087,0.5102580370362196,0.41671059016501616,0.9467822561139629,0.8820716986426851
0.1,0.1,0.3,48,0.8884494914735931,0.790855827,0.5321421938330803,0.4865049523144384,0.9607000375429744,0.921531359
0.1,0.1,0.3,72,0.898226561,0.8322238599504673,0.5380558173570099,0.5106482972107896,0.9639725414942082,0.9396612739550424
0.1,0.1,0.3,96,0.9051586334535636,0.8570693643137581,0.5420980051320494,0.5250030945213479,0.9675901135347997,0.9499603231215119
0.1,0.1,0.3,120,0.9087323204066995,0.8734285246080037,0.5439664421825438,0.533959861,0.968530918,0.9576293600764193
0.1,0.1,0.3,240,0.9087323204066995,0.8734285246080037,0.5439664421825438,0.533959861,0.968530918,0.9576293600764193
0.1,0.1,0.3,480,0.9087323204066995,0.8734285246080037,0.5439664421825438,0.533959861,0.968530918,0.9576293600764193
0.1,0.1,0.5,6,0.7244035396112827,0.6623639525730971,0.43072544555693043,0.39098431656429933,0.8980888257487064,0.9235389502781912
0.1,0.1,0.5,12,0.8047205940269245,0.6195463231859353,0.479314717,0.36220007833226864,0.9261043284837263,0.8792621533851993
0.1,0.1,0.5,24,0.853533856,0.6887361097419707,0.5102755855783366,0.4188625086927964,0.946961262,0.8822683788649631
0.1,0.1,0.5,48,0.8869592163500306,0.7914580500290888,0.531717666,0.4876704486507262,0.9608497212423621,0.9216639864032837
0.1,0.1,0.5,72,0.8964070636035306,0.8318069792502865,0.5374571547739887,0.5112870558603393,0.9641073231220543,0.9397660706259949
0.1,0.1,0.5,96,0.9030702405275773,0.8559047464932137,0.541360071,0.5252551169743357,0.9677138052489407,0.9500483041080958
0.1,0.1,0.5,120,0.9064717751781172,0.8717146452693953,0.5431438596934608,0.533937089,0.968647513,0.9577056936400491
0.1,0.1,0.5,240,0.9064717751781172,0.8717146452693953,0.5431438596934608,0.533937089,0.968647513,0.9577056936400491
0.1,0.1,0.5,480,0.9064717751781172,0.8717146452693953,0.5431438596934608,0.533937089,0.968647513,0.9577056936400491
0.1,0.1,0.7,6,0.7252340574098949,0.6648815312069956,0.4318254651573984,0.39352718705665435,0.8982211965257472,0.9237099549393903
0.1,0.1,0.7,12,0.8043211305265789,0.6227563986228722,0.47961114584368886,0.36515731276126034,0.9262347555123049,0.8794441876888337
0.1,0.1,0.7,24,0.8520381712520896,0.6910960249347893,0.509884229,0.42114795798228494,0.9470867465707005,0.8824120053017022
0.1,0.1,0.7,48,0.8844049543965778,0.7915000924560731,0.5307236514034521,0.4885621577693583,0.9609554521180019,0.9217640517795305
0.1,0.1,0.7,72,0.8934198625421815,0.830515978,0.5362292858226659,0.5114690679426942,0.964202115,0.9398436698862978
0.1,0.1,0.7,96,0.8997318146345813,0.8536584444171764,0.5399463285216918,0.5249297737797961,0.9678014095400862,0.9501172544411338
0.1,0.1,0.7,120,0.9029109449685412,0.8687782952907613,0.5416182229428448,0.5332581384218746,0.968728246,0.9577676675735686
0.1,0.1,0.7,240,0.9029109449685412,0.8687782952907613,0.5416182229428448,0.5332581384218746,0.968728246,0.9577676675735686
0.1,0.1,0.7,480,0.9029109449685412,0.8687782952907613,0.5416182229428448,0.5332581384218746,0.968728246,0.9577676675735686
0.1,0.1,0.9,6,0.7259069132535878,0.6675244734477795,0.43287509027187965,0.3962455859431907,0.8983192880178968,0.9238282523748539
0.1,0.1,0.9,12,0.8034668074442013,0.6262541213451401,0.4796874208706557,0.36840487645041636,0.9263348962276394,0.8795700642365172
0.1,0.1,0.9,24,0.8498491871762615,0.6934743772879227,0.5091307431342815,0.4235113572161171,0.9471854257077339,0.8825255413068247
0.1,0.1,0.9,48,0.8809540143404224,0.7910628719305463,0.529243148,0.48919996629666196,0.9610377676051929,0.9218461563172761
0.1,0.1,0.9,72,0.8894635447649503,0.8285257779318886,0.5344720911675538,0.5112641849495609,0.9642771374256682,0.939912771
0.1,0.1,0.9,96,0.895369047,0.8505794441902532,0.537971133,0.524136437,0.9678698324995105,0.9501770134054758
0.1,0.1,0.9,120,0.8982937900445289,0.864924119,0.5395133614779558,0.5320613205952726,0.9687938965454499,0.9578192899164418
0.1,0.1,0.9,240,0.8982937900445289,0.864924119,0.5395133614779558,0.5320613205952726,0.9687938965454499,0.9578192899164418
0.1,0.1,0.9,480,0.8982937900445289,0.864924119,0.5395133614779558,0.5320613205952726,0.9687938965454499,0.9578192899164418
0.1,0.3,0.1,6,0.7218476332697564,0.6572430497126935,0.4280170453747687,0.3860233941390918,0.8972827879175149,0.9221375076371234
0.1,0.3,0.1,12,0.8036432982049033,0.613596994,0.47769023554625806,0.35682979662885206,0.9253409928474277,0.8779276570574374
0.1,0.3,0.1,24,0.8538047943241124,0.683582178,0.5095450476893661,0.41414277494836854,0.9462652642265361,0.8814824264345452
0.1,0.3,0.1,48,0.888564415,0.7890919927658526,0.5317188786391931,0.48452070043558965,0.960269686,0.9211848448735036
0.1,0.3,0.1,72,0.8985733981301228,0.831189176,0.5377475883244079,0.5090095659672378,0.963583747,0.9394004651013375
0.1,0.3,0.1,96,0.9056956468795272,0.8565918628540599,0.5418818718740341,0.5236321022861206,0.9672317254947413,0.9497463902481568
0.1,0.3,0.1,120,0.909393028,0.8733735801979174,0.5438067006335141,0.5327868717479786,0.9681950562731756,0.9574495708775974
0.1,0.3,0.1,240,0.909393028,0.8733735801979174,0.5438067006335141,0.5327868717479786,0.9681950562731756,0.9574495708775974
0.1,0.3,0.1,480,0.909393028,0.8733735801979174,0.5438067006335141,0.5327868717479786,0.9681950562731756,0.9574495708775974
0.1,0.3,0.3,6,0.7222642944425336,0.6578957080039476,0.42841226146032974,0.3866336766169609,0.8975157363765986,0.9225612598696465
0.1,0.3,0.3,12,0.8039780366361347,0.614293465,0.4780040111074793,0.3574458135328825,0.9255624746973674,0.8783240612011354
0.1,0.3,0.3,24,0.854063227,0.684271346,0.5097990838046604,0.41474688530482634,0.9464620649913544,0.8817155858430743
0.1,0.3,0.3,48,0.8887457337371485,0.7896385457243171,0.5319349409716402,0.4850615344201264,0.9604361849901275,0.9213169142941937
0.1,0.3,0.3,72,0.8987211586315247,0.8316279341881655,0.5379485815036966,0.5095056803568098,0.9637344247737101,0.9394984812543996
0.1,0.3,0.3,96,0.9058158924674761,0.8569444814985065,0.5420708898794555,0.5240908417024928,0.9673696261608173,0.9498256469683883
0.1,0.3,0.3,120,0.9094950761074143,0.8736585576771501,0.543988361,0.5332164988919349,0.968325333,0.9575140762044627
0.1,0.3,0.3,240,0.9094950761074143,0.8736585576771501,0.543988361,0.5332164988919349,0.968325333,0.9575140762044627
0.1,0.3,0.3,480,0.9094950761074143,0.8736585576771501,0.543988361,0.5332164988919349,0.968325333,0.9575140762044627
0.1,0.3,0.5,6,0.7226642694240243,0.6585770263807977,0.42880548474971236,0.3872791702456583,0.897677896,0.9228651174780476
0.1,0.3,0.5,12,0.8042517231122662,0.6150443861155874,0.47829061672201933,0.35811527829187306,0.9257127460416392,0.8785996817194768
0.1,0.3,0.5,24,0.8542201919194201,0.6849792284818625,0.5100023816566144,0.41537736832881667,0.9465965753984851,0.8818666105782228
0.1,0.3,0.5,48,0.8887855599456234,0.7901145568856269,0.5320769175827427,0.48557302818524234,0.9605481087387737,0.9214088882524244
0.1,0.3,0.5,72,0.8987107614936141,0.8319452692634379,0.5380661596043625,0.5099441120521533,0.9638358914569876,0.9395666631287432
0.1,0.3,0.5,96,0.9057642830411841,0.857139165,0.5421689543887565,0.5244716763827096,0.9674634986640573,0.9498799363149653
0.1,0.3,0.5,120,0.9094165432713563,0.8737593954538374,0.5440744568627259,0.5335542155814046,0.9684124547445636,0.957560455
0.1,0.3,0.5,240,0.9094165432713563,0.8737593954538374,0.5440744568627259,0.5335542155814046,0.9684124547445636,0.957560455
0.1,0.3,0.5,480,0.9094165432713563,0.8737593954538374,0.5440744568627259,0.5335542155814046,0.9684124547445636,0.957560455
0.1,0.3,0.7,6,0.723047196,0.6592856961846026,0.42919623500890336,0.38795857027374253,0.8977966155632595,0.9230812653205803
0.1,0.3,0.7,12,0.8044645563085051,0.6158480024061282,0.4785498901213145,0.3588365827888014,0.9258246848581031,0.8788025849503965
0.1,0.3,0.7,24,0.8542766416439769,0.685704082,0.510155194,0.4160325398751368,0.9466989160151795,0.8819823314168878
0.1,0.3,0.7,48,0.888685878,0.7905201050354975,0.5321455948868926,0.4860543565362198,0.9606325337204196,0.921477492
0.1,0.3,0.7,72,0.8985447315236437,0.8321429742639856,0.5381013801300036,0.5103248248516212,0.9639120140711719,0.939617201
0.1,0.3,0.7,96,0.9055438278228618,0.8571792263924469,0.5421773638402593,0.5247752923419191,0.9675352516111566,0.9499237535283556
0.1,0.3,0.7,120,0.9091607792859635,0.873680647,0.5440664508424726,0.5338012904723762,0.9684791599727889,0.9575982148975755
0.1,0.3,0.7,240,0.9091607792859635,0.873680647,0.5440664508424726,0.5338012904723762,0.9684791599727889,0.9575982148975755
0.1,0.3,0.7,480,0.9091607792859635,0.873680647,0.5440664508424726,0.5338012904723762,0.9684791599727889,0.9575982148975755
0.1,0.3,0.9,6,0.7234127792961942,0.6600202930295881,0.4295840460029261,0.3886704254298639,0.8978913318642815,0.9232427471210977
0.1,0.3,0.9,12,0.8046170057907215,0.616702318,0.47878179362471496,0.3596078789087724,0.9259134644390166,0.8789579642848124
0.1,0.3,0.9,24,0.8542340468726556,0.686444087,0.5102580370362196,0.41671059016501616,0.9467822561139629,0.8820716986426851
0.1,0.3,0.9,48,0.888449491,0.790855827,0.5321421938330803,0.4865049523144384,0.9607000375429744,0.921531359
0.1,0.3,0.9,72,0.898226561,0.8322238599504673,0.5380558173570099,0.5106482972107896,0.9639725414942082,0.9396612739550424
0.1,0.3,0.9,96,0.9051586334535636,0.8570693643137581,0.5420980051320494,0.5250030945213479,0.9675901135347997,0.9499603231215119
0.1,0.3,0.9,120,0.9087323204066995,0.8734285246080038,0.5439664421825438,0.533959861,0.968530918,0.9576293600764193
0.1,0.3,0.9,240,0.9087323204066995,0.8734285246080038,0.5439664421825438,0.533959861,0.968530918,0.9576293600764193
0.1,0.3,0.9,480,0.9087323204066995,0.8734285246080038,0.5439664421825438,0.533959861,0.968530918,0.9576293600764193
0.1,0.5,0.1,6,0.7217623352364915,0.6571160635576735,0.42793780610010007,0.3859056667369725,0.8972226070542821,0.9220380600413957
0.1,0.5,0.1,12,0.8035690262595272,0.6134643697866218,0.47762424315427854,0.3567131305613445,0.9252839611580594,0.8778286916318707
0.1,0.5,0.1,24,0.8537408851923654,0.6834467363442246,0.5094881486000677,0.4140252557084493,0.9462133405273123,0.8814178307007747
0.1,0.5,0.1,48,0.8885110575623443,0.7889742507560545,0.5316667384570306,0.48440910346462107,0.9602254163584545,0.9211471903974848
0.1,0.5,0.1,72,0.8985247163655863,0.8310867723206918,0.5376973247974621,0.508903462,0.9635437566106284,0.9393740210815644
0.1,0.5,0.1,96,0.9056507917387049,0.8565022,0.5418330830114091,0.5235309987341056,0.9671949148165044,0.9497256267955942
0.1,0.5,0.1,120,0.909350741,0.8732942136422741,0.5437588190621853,0.5326898704160955,0.9681599934617726,0.9574317607172717
0.1,0.5,0.1,240,0.909350741,0.8732942136422741,0.5437588190621853,0.5326898704160955,0.9681599934617726,0.9574317607172717
0.1,0.5,0.1,480,0.909350741,0.8732942136422741,0.5437588190621853,0.5326898704160955,0.9681599934617726,0.9574317607172717
0.1,0.5,0.3,6,0.7220162741324846,0.6575005952489557,0.4281753397118451,0.38626320476756826,0.8973893173874841,0.9223243636423689
0.1,0.5,0.3,12,0.8037845210514861,0.6138689470749572,0.4778189905595838,0.35706969725260707,0.9254416910720109,0.8781036491662405
0.1,0.5,0.3,24,0.8539203826250957,0.6838554919927496,0.5096527557267104,0.41438115245018925,0.9463554601822977,0.8815896490241208
0.1,0.5,0.3,48,0.8886540131610249,0.7893190601267174,0.5318142254912501,0.48474049135746583,0.9603458534240079,0.9212459599414237
0.1,0.5,0.3,72,0.8986516008557783,0.8313793204319044,0.5378380407514933,0.5092149092511268,0.9636525914566803,0.9394447494170715
0.1,0.5,0.3,96,0.9057645125011231,0.8567520133324638,0.5419684510739471,0.5238249592176905,0.9672951911421968,0.9497832159942111
0.1,0.5,0.3,120,0.9094556793745202,0.8735098853654153,0.5438908986010971,0.5329697949061957,0.9682555234249415,0.9574795709023086
0.1,0.5,0.3,240,0.9094556793745202,0.8735098853654153,0.5438908986010971,0.5329697949061957,0.9682555234249415,0.9574795709023086
0.1,0.5,0.3,480,0.9094556793745202,0.8735098853654153,0.5438908986010971,0.5329697949061957,0.9682555234249415,0.9574795709023086
0.1,0.5,0.5,6,0.7222642944425336,0.6578957080039476,0.42841226146032974,0.3866336766169609,0.8975157363765986,0.9225612598696465
0.1,0.5,0.5,12,0.8039780366361347,0.614293465,0.4780040111074793,0.3574458135328825,0.9255624746973674,0.8783240612011354
0.1,0.5,0.5,24,0.854063227,0.684271346,0.5097990838046604,0.41474688530482634,0.9464620649913544,0.8817155858430743
0.1,0.5,0.5,48,0.8887457337371485,0.7896385457243171,0.5319349409716402,0.4850615344201264,0.9604361849901275,0.9213169142941937
0.1,0.5,0.5,72,0.8987211586315247,0.8316279341881655,0.5379485815036966,0.5095056803568098,0.9637344247737101,0.9394984812543996
0.1,0.5,0.5,96,0.9058158924674761,0.8569444814985065,0.5420708898794555,0.5240908417024928,0.9673696261608173,0.9498256469683883
0.1,0.5,0.5,120,0.9094950761074143,0.8736585576771501,0.543988361,0.533216499,0.968325333,0.9575140762044627
0.1,0.5,0.5,240,0.9094950761074143,0.8736585576771501,0.543988361,0.533216499,0.968325333,0.9575140762044627
0.1,0.5,0.5,480,0.9094950761074143,0.8736585576771501,0.543988361,0.533216499,0.968325333,0.9575140762044627
0.1,0.5,0.7,6,0.7225063064543873,0.6583011408458729,0.4286484655880609,0.3870168275363351,0.8976200960808427,0.9227562524963608
0.1,0.5,0.7,12,0.8041495681904796,0.6147375904952679,0.4781792480622802,0.35784117598856235,0.9256572512696597,0.8785004752088295
0.1,0.5,0.7,24,0.8541695330811088,0.6846939396100866,0.509927141,0.41512211513730635,0.9465470173466142,0.8818101363981035
0.1,0.5,0.7,48,0.8887865004170561,0.7899326251580258,0.532028977,0.48537201009317427,0.9605064311554734,0.9213748651204314
0.1,0.5,0.7,72,0.8987337600031637,0.8318328148749582,0.5380290823883144,0.5097756754089111,0.9637980863027933,0.939542133
0.1,0.5,0.7,96,0.9058053822199665,0.8570800640447716,0.5421405734826332,0.5243286638191488,0.9674288577515455,0.9498603782878055
0.1,0.5,0.7,120,0.9094694392495992,0.8737409047233773,0.5440514074163549,0.5334300971910076,0.9683803452253974,0.9575433379061147
0.1,0.5,0.7,240,0.9094694392495992,0.8737409047233773,0.5440514074163549,0.5334300971910076,0.9683803452253974,0.9575433379061147
0.1,0.5,0.7,480,0.9094694392495992,0.8737409047233773,0.5440514074163549,0.5334300971910076,0.9683803452253974,0.9575433379061147
0.1,0.5,0.9,6,0.7227422290224257,0.658716616,0.42888384778262556,0.3874123821547626,0.8977033005692683,0.9229146303264661
0.1,0.5,0.9,12,0.804299147,0.6152009542490079,0.4783446609682381,0.3582554478160782,0.9257374421945783,0.878646256
0.1,0.5,0.9,24,0.8542394832980444,0.6851228986759608,0.5100369702069802,0.4155064837983628,0.9466188757684362,0.8818923464105718
0.1,0.5,0.9,48,0.8887767059916234,0.7902012910520081,0.5320964840303695,0.4856717289525374,0.9605663106623554,0.9214234136285276
0.1,0.5,0.9,72,0.8986899079113319,0.8319943048774094,0.5380797491865934,0.5100248640597237,0.9638526167344508,0.9395767133630388
0.1,0.5,0.9,96,0.9057335835593225,0.8571594155844434,0.5421777565366142,0.5245385421369161,0.9674792294655634,0.949888555
0.1,0.5,0.9,120,0.9093794403259366,0.8737578366256479,0.5440803255113865,0.5336108255544798,0.9684273266804702,0.9575687121108428
0.1,0.5,0.9,240,0.9093794403259366,0.8737578366256479,0.5440803255113865,0.5336108255544798,0.9684273266804702,0.9575687121108428
0.1,0.5,0.9,480,0.9093794403259366,0.8737578366256479,0.5440803255113865,0.5336108255544798,0.9684273266804702,0.9575687121108428
0.1,0.7,0.1,6,0.7217255807195146,0.6570620086447903,0.4279038290029844,0.38585565957416346,0.8971965246621301,0.9219928867244271
0.1,0.7,0.1,12,0.8035364490072734,0.613408219,0.4775956321204853,0.35666380446530394,0.92525821,0.8777850853679258
0.1,0.7,0.1,24,0.8537122472350638,0.6833889425362649,0.5094631422811415,0.41397523511088635,0.9461897744606884,0.8813870471495517
0.1,0.7,0.1,48,0.888486442,0.788922933,0.531643481,0.484360932,0.9602060240772876,0.9211291692877137
0.1,0.7,0.1,72,0.8985018948865469,0.831041388,0.5376747546295086,0.5088572905026261,0.9635262176710182,0.9393614545217406
0.1,0.7,0.1,96,0.905629438,0.8564618133611124,0.5418110502297124,0.5234867158880419,0.9671779333861432,0.9497149889164149
0.1,0.7,0.1,120,0.9093303781510723,0.8732579059300472,0.5437371170631266,0.532647168,0.9681439010326458,0.957423458
0.1,0.7,0.1,240,0.9093303781510723,0.8732579059300472,0.5437371170631266,0.532647168,0.9681439010326458,0.957423458
0.1,0.7,0.1,480,0.9093303781510723,0.8732579059300472,0.5437371170631266,0.532647168,0.9681439010326458,0.957423458
0.1,0.7,0.3,6,0.7219081623709608,0.6573344857026423,0.4280736083023969,0.386108376,0.8973227176339815,0.9222061415459932
0.1,0.7,0.3,12,0.8036948559108821,0.6136930967923332,0.47773671454538064,0.3569144726481304,0.9253787829338043,0.8779942568109399
0.1,0.7,0.3,24,0.8538479473892227,0.6836794212444987,0.5095844472842551,0.41422740178868966,0.9462989558665433,0.8815238478649476
0.1,0.7,0.3,48,0.8885990325298405,0.7891743780704045,0.5317542981624065,0.4845997205512608,0.9602988418333003,0.9212083958723101
0.1,0.7,0.3,72,0.8986042582011726,0.831259329,0.5377814341963887,0.5090839552851242,0.963610191,0.9394166630051871
0.1,0.7,0.3,96,0.9057234294157657,0.8566519920162611,0.5419144755919361,0.5237024117435813,0.9672556983924387,0.9497611567093407
0.1,0.7,0.3,120,0.9094187551146853,0.8734256893471273,0.5438385404545258,0.5328538974088678,0.9682177484063825,0.9574620018270634
0.1,0.7,0.3,240,0.9094187551146853,0.8734256893471273,0.5438385404545258,0.5328538974088678,0.9682177484063825,0.9574620018270634
0.1,0.7,0.3,480,0.9094187551146853,0.8734256893471273,0.5438385404545258,0.5328538974088678,0.9682177484063825,0.9574620018270634
0.1,0.7,0.5,6,0.7220877450980021,0.6576124160006099,0.4282430987247121,0.3863677448351118,0.89742771,0.922397036
0.1,0.7,0.5,12,0.8038420548827494,0.6139882171917062,0.47787284889598586,0.3571751768217442,0.9254790140560438,0.8781734734326954
0.1,0.7,0.5,24,0.853964932,0.6839735986809108,0.5096964292672869,0.4144846583254923,0.9463877655830919,0.8816298348934855
0.1,0.7,0.5,48,0.8886854369286474,0.7894129308035454,0.5318514445132934,0.48483328389062563,0.9603739549037098,0.9212676274630383
0.1,0.7,0.5,72,0.8986773104976362,0.8314548299158455,0.5378726983440041,0.5093001022099166,0.9636781766108538,0.939461565
0.1,0.7,0.5,96,0.9057855369706975,0.856812839,0.5420010733518426,0.523903792,0.9673186065306454,0.9497965058092767
0.1,0.7,0.5,120,0.9094736043837942,0.8735591748895782,0.5439222702731971,0.5330436688908511,0.9682772662856438,0.9574901485102179
0.1,0.7,0.5,240,0.9094736043837942,0.8735591748895782,0.5439222702731971,0.5330436688908511,0.9682772662856438,0.9574901485102179
0.1,0.7,0.5,480,0.9094736043837942,0.8735591748895782,0.5439222702731971,0.5330436688908511,0.9682772662856438,0.9574901485102179
0.1,0.7,0.7,6,0.7222642944425337,0.6578957080039476,0.42841226146032974,0.3866336766169609,0.8975157363765986,0.9225612598696465
0.1,0.7,0.7,12,0.8039780366361347,0.614293465,0.4780040111074793,0.3574458135328825,0.9255624746973674,0.8783240612011354
0.1,0.7,0.7,24,0.854063227,0.684271346,0.5097990838046604,0.4147468853048264,0.9464620649913544,0.8817155858430743
0.1,0.7,0.7,48,0.8887457337371485,0.7896385457243171,0.5319349409716402,0.4850615344201264,0.9604361849901275,0.9213169142941937
0.1,0.7,0.7,72,0.8987211586315247,0.8316279341881655,0.5379485815036966,0.5095056803568098,0.9637344247737101,0.9394984812543996
0.1,0.7,0.7,96,0.9058158924674761,0.8569444814985065,0.5420708898794555,0.5240908417024928,0.9673696261608173,0.9498256469683883
0.1,0.7,0.7,120,0.9094950761074143,0.873658558,0.543988361,0.533216499,0.968325333,0.9575140762044627
0.1,0.7,0.7,240,0.9094950761074143,0.873658558,0.543988361,0.533216499,0.968325333,0.9575140762044627
0.1,0.7,0.7,480,0.9094950761074143,0.873658558,0.543988361,0.533216499,0.968325333,0.9575140762044627
0.1,0.7,0.9,6,0.7224377781503241,0.658184266,0.4285810580327992,0.38690607774173735,0.8975928233311052,0.9227043589327719
0.1,0.7,0.9,12,0.8041028012985527,0.6146087177594655,0.47813018135063934,0.35772627041698707,0.9256324948454504,0.8784552114849558
0.1,0.7,0.9,24,0.8541428790673969,0.6845725326024227,0.5098924156838354,0.41501395807722874,0.9465249731295611,0.8817847772611929
0.1,0.7,0.9,48,0.8887800313328466,0.7898511967529724,0.5320048241691782,0.48528439273360763,0.9604880785537162,0.9213597520994443
0.1,0.7,0.9,72,0.8987359446115657,0.8317787227286635,0.5380091367322213,0.509700657,0.9637814815678705,0.9395306510448358
0.1,0.7,0.9,96,0.9058146681730491,0.8570470962326509,0.5421239928894175,0.5242635729756805,0.9674141515616317,0.9498511869191093
0.1,0.7,0.9,120,0.9094833640105743,0.873724096,0.5440368908754211,0.5333724357153502,0.9683661965447325,0.9575356081157196
0.1,0.7,0.9,240,0.9094833640105743,0.873724096,0.5440368908754211,0.5333724357153502,0.9683661965447325,0.9575356081157196
0.1,0.7,0.9,480,0.9094833640105743,0.873724096,0.5440368908754211,0.5333724357153502,0.9683661965447325,0.9575356081157196
0.1,0.9,0.1,6,0.7217051103209823,0.6570320738566906,0.4278849485003305,0.38582799418232494,0.8971811705560622,0.9219677084013269
0.1,0.9,0.1,12,0.8035181571150091,0.6133772025523286,0.4775796520469149,0.3566365761378873,0.9252432479150812,0.8777603741471692
0.1,0.9,0.1,24,0.8536960136062273,0.6833569008893111,0.5094490889572998,0.41394753578296417,0.946176349,0.881369689
0.1,0.9,0.1,48,0.8884723127446323,0.7888942018442423,0.5316303235112061,0.4843340818918467,0.9601943615865158,0.9211190135786954
0.1,0.9,0.1,72,0.8984887084230906,0.8310157866873901,0.5376619489151111,0.5088314591060625,0.9635155797918389,0.9393546288003976
0.1,0.9,0.1,96,0.9056170216308027,0.8564388681497486,0.5417985184968769,0.5234618675177721,0.9671674913885917,0.9497087659077732
0.1,0.9,0.1,120,0.9093184838482946,0.8732371398814018,0.5437247540207402,0.5326231520376229,0.9681340617477958,0.9574181092745854
0.1,0.9,0.1,240,0.9093184838482946,0.8732371398814018,0.5437247540207402,0.5326231520376229,0.9681340617477958,0.9574181092745854
0.1,0.9,0.1,480,0.9093184838482946,0.8732371398814018,0.5437247540207402,0.5326231520376229,0.9681340617477958,0.9574181092745854
0.1,0.9,0.3,6,0.7218476332697564,0.6572430497126936,0.4280170453747687,0.3860233941390918,0.8972827879175149,0.9221375076371234
0.1,0.9,0.3,12,0.8036432982049033,0.613596994,0.47769023554625806,0.35682979662885206,0.9253409928474277,0.8779276570574374
0.1,0.9,0.3,24,0.8538047943241124,0.683582178,0.5095450476893661,0.41414277494836854,0.9462652642265361,0.8814824264345452
0.1,0.9,0.3,48,0.888564415,0.7890919927658526,0.5317188786391931,0.48452070043558965,0.960269686,0.9211848448735036
0.1,0.9,0.3,72,0.8985733981301227,0.831189176,0.5377475883244079,0.5090095659672378,0.963583747,0.9394004651013375
0.1,0.9,0.3,96,0.9056956468795273,0.8565918628540599,0.5418818718740341,0.5236321022861207,0.9672317254947413,0.9497463902481568
0.1,0.9,0.3,120,0.909393028,0.8733735801979174,0.5438067006335141,0.5327868717479786,0.9681950562731756,0.9574495708775974
0.1,0.9,0.3,240,0.909393028,0.8733735801979174,0.5438067006335141,0.5327868717479786,0.9681950562731756,0.9574495708775974
0.1,0.9,0.3,480,0.909393028,0.8733735801979174,0.5438067006335141,0.5327868717479786,0.9681950562731756,0.9574495708775974
0.1,0.9,0.5,6,0.7219883492527556,0.6574573423757772,0.42814897535693197,0.3862228351576174,0.8973725921100209,0.922294258
0.1,0.9,0.5,12,0.8037616621415619,0.6138230035226756,0.47779783110283724,0.3570291080996135,0.925425825,0.8780759997210646
0.1,0.9,0.5,24,0.8539022498805013,0.6838097176844353,0.509635369,0.41434111662379625,0.9463414923154434,0.881573361
0.1,0.9,0.5,48,0.8886406633786703,0.7892819962944146,0.5317991612018501,0.48470417694893486,0.9603340402550609,0.9212377479808673
0.1,0.9,0.5,72,0.8986403390000153,0.8313489869786886,0.5378238975646937,0.5091813225352367,0.963641848,0.9394379236957283
0.1,0.9,0.5,96,0.9057549621744633,0.8567270946286835,0.5419550387077314,0.5237936828624777,0.967285307,0.9497780628006143
0.1,0.9,0.5,120,0.9094472638805577,0.8734892404445803,0.543877935,0.5329403336139892,0.9682460156320774,0.9574751861674061
0.1,0.9,0.5,240,0.9094472638805577,0.8734892404445803,0.543877935,0.5329403336139892,0.9682460156320774,0.9574751861674061
0.1,0.9,0.5,480,0.9094472638805577,0.8734892404445803,0.543877935,0.5329403336139892,0.9682460156320774,0.9574751861674061
0.1,0.9,0.7,6,0.7221272416001387,0.6576749097332313,0.4282807201225387,0.3864262768107662,0.897447781,0.9224356997461315
0.1,0.9,0.7,12,0.803873243,0.6140551790953004,0.4779024265096149,0.35723446376379475,0.9254987679648317,0.8782094403131503
0.1,0.9,0.7,24,0.853988389,0.6840394608976462,0.5097200474374451,0.41454250575183893,0.9464056058790526,0.8816509750414864
0.1,0.9,0.7,48,0.8887010890744823,0.7894641867607458,0.5318711778543049,0.48488446829224185,0.9603884652119956,0.9212793954285328
0.1,0.9,0.7,72,0.8986895738902516,0.8314952307760396,0.5378908889112457,0.5093467010293058,0.9636913458833789,0.9394696263838209
0.1,0.9,0.7,96,0.9057950211998298,0.8568446116772387,0.5420180363133877,0.5239465968992025,0.9673307662593957,0.9498034370053425
0.1,0.9,0.7,120,0.9094812542127846,0.8735841989856185,0.5439384791082768,0.5330835384349051,0.9682883109958966,0.9574961
0.1,0.9,0.7,240,0.9094812542127846,0.8735841989856185,0.5439384791082768,0.5330835384349051,0.9682883109958966,0.9574961
0.1,0.9,0.7,480,0.9094812542127846,0.8735841989856185,0.5439384791082768,0.5330835384349051,0.9682883109958966,0.9574961
0.1,0.9,0.9,6,0.7222642944425337,0.6578957080039476,0.42841226146032974,0.3866336766169609,0.8975157363765986,0.9225612598696465
0.1,0.9,0.9,12,0.8039780366361347,0.614293465,0.4780040111074793,0.3574458135328825,0.9255624746973674,0.8783240612011354
0.1,0.9,0.9,24,0.854063227,0.684271346,0.5097990838046604,0.4147468853048264,0.9464620649913544,0.8817155858430743
0.1,0.9,0.9,48,0.8887457337371485,0.7896385457243171,0.5319349409716402,0.4850615344201264,0.9604361849901275,0.9213169142941937
0.1,0.9,0.9,72,0.8987211586315247,0.8316279341881654,0.5379485815036966,0.5095056803568098,0.9637344247737101,0.9394984812543996
0.1,0.9,0.9,96,0.9058158924674761,0.8569444814985065,0.5420708898794555,0.5240908417024928,0.9673696261608173,0.9498256469683883
0.1,0.9,0.9,120,0.9094950761074143,0.8736585576771501,0.543988361,0.533216499,0.968325333,0.9575140762044627
0.1,0.9,0.9,240,0.9094950761074143,0.8736585576771501,0.543988361,0.533216499,0.968325333,0.9575140762044627
0.1,0.9,0.9,480,0.9094950761074143,0.8736585576771501,0.543988361,0.533216499,0.968325333,0.9575140762044627
0.2,0.1,0.1,6,0.7219847909845066,0.6574044106956732,0.42807836260834997,0.38607579111187995,0.897305284,0.9222026910157777
0.2,0.1,0.1,12,0.8037507021582826,0.6137952366644512,0.47772962648512124,0.35691326126128364,0.9253536648819742,0.877978104
0.2,0.1,0.1,24,0.8538760689694352,0.6838054834066786,0.5095706659201827,0.41424752421469313,0.9462611205767142,0.8814822606885524
0.2,0.1,0.1,48,0.8885950763764541,0.7892668270078962,0.5317195766146929,0.48459095358159465,0.9602585354213955,0.9211663566613888
0.2,0.1,0.1,72,0.8985863736877058,0.8313266218474676,0.5377378336252665,0.5090575111783441,0.9635702609016716,0.9393799728694905
0.2,0.1,0.1,96,0.9056940422790728,0.8566997627276121,0.5418636278272594,0.5236626976859068,0.9672165371346666,0.9497274198658808
0.2,0.1,0.1,120,0.90938192,0.8734585072677773,0.5437831848154775,0.5328046663973853,0.9681791898613117,0.9574307059700442
0.2,0.1,0.1,240,0.90938192,0.8734585072677773,0.5437831848154775,0.5328046663973853,0.9681791898613117,0.9574307059700442
0.2,0.1,0.1,480,0.90938192,0.8734585072677773,0.5437831848154775,0.5328046663973853,0.9681791898613117,0.9574307059700442
0.2,0.1,0.3,6,0.7226239421982401,0.6584549603791943,0.4285919462145349,0.3868833667014902,0.8974923812594202,0.9225579750854241
0.2,0.1,0.3,12,0.804086539,0.6150373563955484,0.478028561,0.3578432480260956,0.9255214450302209,0.8782839205352235
0.2,0.1,0.3,24,0.8539171454562835,0.6849964275343132,0.5096973942835458,0.4151384719047896,0.9463972884437737,0.8816386495667431
0.2,0.1,0.3,48,0.8883354289721745,0.7899705098325771,0.5316758056352692,0.4851964399228664,0.9603649744844593,0.9212405656627463
0.2,0.1,0.3,72,0.8981985371180654,0.8317058064308559,0.5376251178114695,0.5094955307414029,0.9636641183370942,0.93943039
0.2,0.1,0.3,96,0.9052008236794087,0.856831517,0.5416953295762374,0.5239727291157458,0.9673010073197652,0.949766325
0.2,0.1,0.3,120,0.9088204642846611,0.8734031102710641,0.5435807157286707,0.5330211613868084,0.968257,0.9574601032820541
0.2,0.1,0.3,240,0.9088204642846611,0.8734031102710641,0.5435807157286707,0.5330211613868084,0.968257,0.9574601032820541
0.2,0.1,0.3,480,0.9088204642846611,0.8734031102710641,0.5435807157286707,0.5330211613868084,0.968257,0.9574601032820541
0.2,0.1,0.5,6,0.7231756221870823,0.6596274321468687,0.4290955542085307,0.38784346268083664,0.8976042748724316,0.9227532238650363
0.2,0.1,0.5,12,0.8040819564830317,0.6165217190755241,0.47817706761706447,0.35901358702537856,0.9256182557578803,0.8784464872186033
0.2,0.1,0.5,24,0.8533924057025514,0.6862688831359783,0.5095423166246413,0.4161495524470166,0.9464762136720195,0.8817245511945074
0.2,0.1,0.5,48,0.8872929814834324,0.7903516261306474,0.5312237380903222,0.4856705871024594,0.9604276114019503,0.9212846691646699
0.2,0.1,0.5,72,0.8969388413984529,0.8315359662517237,0.5370543593356465,0.509676653,0.9637189199894671,0.9394601336587742
0.2,0.1,0.5,96,0.9037630164818156,0.8562533298539879,0.5410290788265487,0.5239371903402658,0.9673508516601692,0.9497878267463767
0.2,0.1,0.5,120,0.9072684322439561,0.8725230054025249,0.5428561122910741,0.5328311043754455,0.9683031075927155,0.9574765874744369
0.2,0.1,0.5,240,0.9072684322439561,0.8725230054025249,0.5428561122910741,0.5328311043754455,0.9683031075927155,0.9574765874744369
0.2,0.1,0.5,480,0.9072684322439561,0.8725230054025249,0.5428561122910741,0.5328311043754455,0.9683031075927155,0.9574765874744369
0.2,0.1,0.7,6,0.7236389304583022,0.660910311,0.429586193,0.38894515420472997,0.8976808947245944,0.9228793565656178
0.2,0.1,0.7,12,0.8037508239653388,0.6182291189170503,0.4781799943642222,0.3604075174575728,0.9256830323054612,0.8785582904247095
0.2,0.1,0.7,24,0.8523347917245954,0.6876067998385232,0.5091207678786118,0.41726547074042963,0.9465291921184709,0.8817838279886882
0.2,0.1,0.7,48,0.8855246672390031,0.7904253426661307,0.5303919986350077,0.48601557765433645,0.96046947,0.9213157992756962
0.2,0.1,0.7,72,0.894876301,0.8308580862006335,0.5360606822035185,0.5096163906269321,0.9637558210746091,0.939480535
0.2,0.1,0.7,96,0.901460343,0.8550280152073777,0.5399057015603108,0.5235829357101783,0.9673838953840224,0.9498021713086695
0.2,0.1,0.7,120,0.9048129343067733,0.8708981939977742,0.5416540258385011,0.5322700708611818,0.9683339363473913,0.957488235
0.2,0.1,0.7,240,0.9048129343067733,0.8708981939977742,0.5416540258385011,0.5322700708611818,0.9683339363473913,0.957488235
0.2,0.1,0.7,480,0.9048129343067733,0.8708981939977742,0.5416540258385011,0.5322700708611818,0.9683339363473913,0.957488235
0.2,0.1,0.9,6,0.7240146668997751,0.6622902945128638,0.43006122450826917,0.3901750885057872,0.8977367661920124,0.9229719181687324
0.2,0.1,0.9,12,0.8031142161037419,0.6201362601166135,0.47804546648368507,0.36200407824933173,0.9257321232549887,0.8786443879341017
0.2,0.1,0.9,24,0.8507903852997772,0.6889932308229083,0.5084547204415547,0.41846892055916596,0.9465713820075674,0.881829182
0.2,0.1,0.9,48,0.8831070268241049,0.7902162995139277,0.5292195467460534,0.4862378839171527,0.9605028751505351,0.9213388379687064
0.2,0.1,0.9,72,0.8921024254240694,0.8297291410376604,0.5346911512043422,0.5093381877624363,0.9637852334544366,0.9394950457920017
0.2,0.1,0.9,96,0.8983974415445481,0.8532390959302283,0.5383792945126337,0.5229473897473066,0.9674108667774093,0.9498133516292803
0.2,0.1,0.9,120,0.9015675593271963,0.8686326947029656,0.5400332122059323,0.5313860080564778,0.9683595365693822,0.9574980892500585
0.2,0.1,0.9,240,0.9015675593271963,0.8686326947029656,0.5400332122059323,0.5313860080564778,0.9683595365693822,0.9574980892500585
0.2,0.1,0.9,480,0.9015675593271963,0.8686326947029656,0.5400332122059323,0.5313860080564778,0.9683595365693822,0.9574980892500585
0.2,0.3,0.1,6,0.7217527118438472,0.6570829908615876,0.42790551011666056,0.3858419663520245,0.8971955301861727,0.922002862
0.2,0.3,0.1,12,0.8035618949531707,0.6134376325483429,0.4775962460237647,0.35665885394992247,0.9252545939816847,0.8777928904974086
0.2,0.3,0.1,24,0.8537332112879905,0.6834291491861493,0.5094642846457694,0.4139794727212039,0.9461812460759638,0.8813801912925736
0.2,0.3,0.1,48,0.8885013650172424,0.7889595958072386,0.5316403396748257,0.48436026137375476,0.9601950547061224,0.9211178081532926
0.2,0.3,0.1,72,0.8985141225421437,0.8310741008896984,0.537669735,0.5088531589039517,0.9635147058584219,0.9393500180482319
0.2,0.3,0.1,96,0.9056394356938935,0.856491233,0.5418044904203694,0.5234799122127544,0.9671661051493785,0.9497043209016005
0.2,0.3,0.1,120,0.9093389191769408,0.8732846658180256,0.5437295913658964,0.5326384139511611,0.968131892,0.9574129711488061
0.2,0.3,0.1,240,0.9093389191769408,0.8732846658180256,0.5437295913658964,0.5326384139511611,0.968131892,0.9574129711488061
0.2,0.3,0.1,480,0.9093389191769408,0.8732846658180256,0.5437295913658964,0.5326384139511611,0.968131892,0.9574129711488061
0.2,0.3,0.3,6,0.7219847909845067,0.6574044106956732,0.42807836260834997,0.38607579111187995,0.897305284,0.9222026910157777
0.2,0.3,0.3,12,0.8037507021582826,0.6137952366644512,0.47772962648512124,0.35691326126128364,0.9253536648819742,0.877978104
0.2,0.3,0.3,24,0.8538760689694354,0.6838054834066786,0.5095706659201827,0.41424752421469313,0.9462611205767142,0.8814822606885524
0.2,0.3,0.3,48,0.8885950763764541,0.7892668270078962,0.5317195766146929,0.48459095358159465,0.9602585354213955,0.9211663566613888
0.2,0.3,0.3,72,0.8985863736877058,0.8313266218474676,0.5377378336252665,0.5090575111783441,0.9635702609016716,0.9393799728694905
0.2,0.3,0.3,96,0.9056940422790728,0.8566997627276121,0.5418636278272594,0.5236626976859068,0.9672165371346666,0.9497274198658808
0.2,0.3,0.3,120,0.9093819201006151,0.8734585072677773,0.5437831848154775,0.5328046663973853,0.9681791898613117,0.9574307059700442
0.2,0.3,0.3,240,0.9093819201006151,0.8734585072677773,0.5437831848154775,0.5328046663973853,0.9681791898613117,0.9574307059700442
0.2,0.3,0.3,480,0.9093819201006151,0.8734585072677773,0.5437831848154775,0.5328046663973853,0.9681791898613117,0.9574307059700442
0.2,0.3,0.5,6,0.7222074324273564,0.6577404253866888,0.4282504684005532,0.3863274779306114,0.8973842847364275,0.9223521939013553
0.2,0.3,0.5,12,0.8039009948234339,0.6141813748281105,0.4778461350074438,0.35719571798724803,0.9254232781989837,0.8781117104486215
0.2,0.3,0.5,24,0.8539540289012588,0.6841924811876138,0.5096448488296589,0.4145303265272683,0.9463186193684259,0.8815500809352752
0.2,0.3,0.5,48,0.8885980349786731,0.7895377072364446,0.5317516032066811,0.4848073124655963,0.9603026841267717,0.9211978333322184
0.2,0.3,0.5,72,0.8985570770011745,0.8315157264708473,0.5377527154358355,0.5092326223626936,0.9636088495823776,0.9394013541025721
0.2,0.3,0.5,96,0.9056382158424451,0.8568253327843389,0.5418646899483006,0.5238055433706265,0.9672516150138868,0.9497439793973512
0.2,0.3,0.5,120,0.9093088170278745,0.8735352961252725,0.543775728,0.5329235354143254,0.9682113747195653,0.9574428656987946
0.2,0.3,0.5,240,0.9093088170278745,0.8735352961252725,0.543775728,0.5329235354143254,0.9682113747195653,0.9574428656987946
0.2,0.3,0.5,480,0.9093088170278745,0.8735352961252725,0.543775728,0.5329235354143254,0.9682113747195653,0.9574428656987946
0.2,0.3,0.7,6,0.7224205157272844,0.6580907231310538,0.4284217034250413,0.3865967689646236,0.8974438779547764,0.9224675531123995
0.2,0.3,0.7,12,0.8040128712257022,0.6145955901888996,0.4779457656624697,0.3575058584564761,0.9254772360535748,0.8782096361947782
0.2,0.3,0.7,24,0.8539675095623035,0.6845896398215027,0.5096870001353664,0.4148274625860226,0.9463619092082025,0.8815992020204377
0.2,0.3,0.7,48,0.8885110879620826,0.7897722216597056,0.5317368193089893,0.485009175,0.9603371894289257,0.9212213391275723
0.2,0.3,0.7,72,0.8984273038801991,0.8316418711927995,0.537714899,0.5093785602301123,0.9636393769807023,0.9394169191580852
0.2,0.3,0.7,96,0.905473229,0.8568688217830384,0.5418083,0.5239087278213854,0.9672789178992593,0.9497558076341158
0.2,0.3,0.7,120,0.9091210242470852,0.8735162569104848,0.5437079175977317,0.5329954692055837,0.9682366735852059,0.9574520269318556
0.2,0.3,0.7,240,0.9091210242470852,0.8735162569104848,0.5437079175977317,0.5329954692055837,0.9682366735852059,0.9574520269318556
0.2,0.3,0.7,480,0.9091210242470852,0.8735162569104848,0.5437079175977317,0.5329954692055837,0.9682366735852059,0.9574520269318556
0.2,0.3,0.9,6,0.7226239421982401,0.6584549603791943,0.4285919462145349,0.3868833667014902,0.8974923812594202,0.9225579750854241
0.2,0.3,0.9,12,0.804086539,0.6150373563955484,0.47802856101433305,0.3578432480260956,0.9255214450302209,0.8782839205352235
0.2,0.3,0.9,24,0.8539171454562835,0.6849964275343132,0.5096973942835458,0.4151384719047896,0.9463972884437737,0.8816386495667431
0.2,0.3,0.9,48,0.8883354289721745,0.7899705098325771,0.5316758056352692,0.4851964399228664,0.9603649744844593,0.9212405656627463
0.2,0.3,0.9,72,0.8981985371180654,0.8317058064308559,0.5376251178114695,0.5094955307414029,0.9636641183370942,0.93943039
0.2,0.3,0.9,96,0.9052008236794087,0.856831517,0.5416953295762374,0.5239727291157458,0.9673010073197652,0.949766325
0.2,0.3,0.9,120,0.9088204642846612,0.87340311,0.5435807157286707,0.5330211613868084,0.968257,0.9574601032820541
0.2,0.3,0.9,240,0.9088204642846612,0.87340311,0.5435807157286707,0.5330211613868084,0.968257,0.9574601032820541
0.2,0.3,0.9,480,0.9088204642846612,0.87340311,0.5435807157286707,0.5330211613868084,0.968257,0.9574601032820541
0.2,0.5,0.1,6,0.7217051756076828,0.6570204833970047,0.4278708610895036,0.38579736466954717,0.8971692820480275,0.9219562869956359
0.2,0.5,0.1,12,0.8035195109358189,0.6133695709701641,0.47756754926609224,0.35661136561376705,0.9252297320827527,0.8777473103493667
0.2,0.5,0.1,24,0.8536968307313132,0.6833552039735213,0.5094391376420624,0.41392766599610537,0.9461606634372115,0.881352436
0.2,0.5,0.1,48,0.8884716829520934,0.7888937997908727,0.531618805,0.4843124217793011,0.9601781486148486,0.921104488
0.2,0.5,0.1,72,0.8984874221628791,0.8310159678730837,0.5376496993365203,0.5088087834955319,0.9634999846006906,0.9393416403416828
0.2,0.5,0.1,96,0.9056151845435901,0.8564395245882239,0.5417856570211288,0.5234385523090279,0.9671525290457799,0.9496976759940677
0.2,0.5,0.1,120,0.9093162991121041,0.8732381798164018,0.5437115050281254,0.5325994559058234,0.9681196569142327,0.9574078179552094
0.2,0.5,0.1,240,0.9093162991121041,0.8732381798164018,0.5437115050281254,0.5325994559058234,0.9681196569142327,0.9574078179552094
0.2,0.5,0.1,480,0.9093162991121041,0.8732381798164018,0.5437115050281254,0.5325994559058234,0.9681196569142327,0.9574078179552094
0.2,0.5,0.3,6,0.7218466674175292,0.657209789,0.4279747326818192,0.38593333799594354,0.897244365,0.9220902248257001
0.2,0.5,0.3,12,0.8036420412568539,0.6135772238396514,0.4776516204270689,0.35675723,0.9252986372123382,0.8778765470203602
0.2,0.5,0.3,24,0.8537981597145684,0.6835783723788266,0.5095107070738875,0.41408489842128327,0.9462164294299069,0.8814269919338358
0.2,0.5,0.3,48,0.8885497793324137,0.7890868429426856,0.5316777175797387,0.4844542451560644,0.9602233520674524,0.9211397468956228
0.2,0.5,0.3,72,0.8985552597203256,0.8311827358971704,0.5377033843967796,0.5089384072201264,0.9635393266722732,0.939363609
0.2,0.5,0.3,96,0.9056745916554543,0.8565846388107522,0.5418351437331148,0.5235578284768403,0.9671883753836945,0.9497144766106187
0.2,0.5,0.3,120,0.909370121,0.8733659056936747,0.5437583877364098,0.5327106190921472,0.9681528965197139,0.9574207612104715
0.2,0.5,0.3,240,0.909370121,0.8733659056936747,0.5437583877364098,0.5327106190921472,0.9681528965197139,0.9574207612104715
0.2,0.5,0.3,480,0.909370121,0.8733659056936747,0.5437583877364098,0.5327106190921472,0.9681528965197139,0.9574207612104715
0.2,0.5,0.5,6,0.7219847909845066,0.6574044106956732,0.42807836260834997,0.38607579111187995,0.897305284,0.9222026910157777
0.2,0.5,0.5,12,0.8037507021582826,0.6137952366644512,0.47772962648512124,0.35691326126128364,0.9253536648819742,0.877978104
0.2,0.5,0.5,24,0.8538760689694354,0.6838054834066786,0.5095706659201827,0.41424752421469313,0.9462611205767142,0.8814822606885524
0.2,0.5,0.5,48,0.8885950763764541,0.7892668270078962,0.5317195766146929,0.48459095358159465,0.9602585354213955,0.9211663566613888
0.2,0.5,0.5,72,0.8985863736877058,0.8313266218474676,0.5377378336252665,0.5090575111783441,0.9635702609016716,0.9393799728694905
0.2,0.5,0.5,96,0.9056940422790728,0.8566997627276121,0.5418636278272594,0.5236626976859068,0.9672165371346666,0.9497274198658808
0.2,0.5,0.5,120,0.9093819201006151,0.8734585072677773,0.5437831848154775,0.5328046663973853,0.9681791898613117,0.9574307059700442
0.2,0.5,0.5,240,0.9093819201006151,0.8734585072677773,0.5437831848154775,0.5328046663973853,0.9681791898613117,0.9574307059700442
0.2,0.5,0.5,480,0.9093819201006151,0.8734585072677773,0.5437831848154775,0.5328046663973853,0.9681791898613117,0.9574307059700442
0.2,0.5,0.7,6,0.722119517,0.6576042873557815,0.42818172368157253,0.3862246753549925,0.8973565298165289,0.9222968347397335
0.2,0.5,0.7,12,0.8038454956882477,0.6140235231295988,0.47780155770384797,0.35707939120044596,0.9253982806896939,0.8780637947888617
0.2,0.5,0.7,24,0.8539306107808197,0.6840364339352777,0.5096190312394012,0.41441546119190387,0.9462975394916953,0.8815259121559498
0.2,0.5,0.7,48,0.8886076955512197,0.789433722,0.5317444363406625,0.48472250079328727,0.960286712,0.921186065
0.2,0.5,0.7,72,0.8985809222420307,0.8314476720772865,0.5377531204987975,0.5091660856221795,0.9635946406304425,0.9393937599225346
0.2,0.5,0.7,96,0.9056737276496833,0.856785013,0.5418711998851906,0.5237531846005904,0.9672384909448144,0.9497382234910532
0.2,0.5,0.7,120,0.9093519118588804,0.8735161599200575,0.5437859985999114,0.5328816507554053,0.9681995012793483,0.9574385261673446
0.2,0.5,0.7,240,0.9093519118588804,0.8735161599200575,0.5437859985999114,0.5328816507554053,0.9681995012793483,0.9574385261673446
0.2,0.5,0.7,480,0.9093519118588804,0.8735161599200575,0.5437859985999114,0.5328816507554053,0.9681995012793483,0.9574385261673446
0.2,0.5,0.9,6,0.7222508172113556,0.6578093528372828,0.42828478899401146,0.3863799367580407,0.8973969869066092,0.9223765736301262
0.2,0.5,0.9,12,0.8039264383184863,0.6142619875842859,0.4778674106996984,0.35725554431184997,0.9254353173851937,0.8781334683771413
0.2,0.5,0.9,24,0.8539618661416163,0.6842711166650712,0.509655834,0.4145886211689629,0.9463278710083922,0.8815616228835067
0.2,0.5,0.9,48,0.8885878047344943,0.7895875171206067,0.5317523752460638,0.48484884874356216,0.9603100221539109,0.9212031824074431
0.2,0.5,0.9,72,0.898539119,0.8315459723530797,0.5377493475224856,0.509264139,0.9636155246255453,0.9394046690224296
0.2,0.5,0.9,96,0.9056139022061973,0.8568405616442611,0.541857984,0.5238293406809443,0.9672575668018131,0.9497464053159743
0.2,0.5,0.9,120,0.9092803792936639,0.8735391064406968,0.543766968,0.5329416582535547,0.9682166936591552,0.9574447491759864
0.2,0.5,0.9,240,0.9092803792936639,0.8735391064406968,0.543766968,0.5329416582535547,0.9682166936591552,0.9574447491759864
0.2,0.5,0.9,480,0.9092803792936639,0.8735391064406968,0.543766968,0.5329416582535547,0.9682166936591552,0.9574447491759864
0.2,0.7,0.1,6,0.7216846893940992,0.6569938771560077,0.42785600415954933,0.3857784714623504,0.8971562182502251,0.9219345742705685
0.2,0.7,0.1,12,0.803500875,0.6133407565841017,0.477555045,0.3565913611131028,0.9252173312689218,0.8777263510151763
0.2,0.7,0.1,24,0.8536804416255215,0.6833236504322886,0.5094279652990253,0.4139056490057018,0.9461502967787478,0.8813385137092731
0.2,0.7,0.1,48,0.8884578438982246,0.7888651588523616,0.5316089946641124,0.48429174682189013,0.9601702380106432,0.9210974816674385
0.2,0.7,0.1,72,0.8984747265829087,0.8309902750686415,0.5376404568324165,0.5087894084801972,0.9634926917770039,0.9393371501320575
0.2,0.7,0.1,96,0.9056034278457333,0.8564163415590017,0.5417768692559329,0.5234203365821906,0.9671459594773348,0.9496949788547291
0.2,0.7,0.1,120,0.909305171,0.8732170588875933,0.5437030003033272,0.5325821766901484,0.9681138407366645,0.9574055125791265
0.2,0.7,0.1,240,0.909305171,0.8732170588875933,0.5437030003033272,0.5325821766901484,0.9681138407366645,0.9574055125791265
0.2,0.7,0.1,480,0.909305171,0.8732170588875933,0.5437030003033272,0.5325821766901484,0.9681138407366645,0.9574055125791265
0.2,0.7,0.3,6,0.7217864386762369,0.6571280034899205,0.4279302442825044,0.38587426762195726,0.8972134307534037,0.9220358902756707
0.2,0.7,0.3,12,0.8035912261651694,0.6134869564884252,0.4776163318021032,0.35669346859385864,0.9252711685809727,0.877824247
0.2,0.7,0.3,24,0.8537576027541869,0.68348224,0.5094814566504885,0.41401684810896444,0.9461945660266642,0.881398303
0.2,0.7,0.3,48,0.8885203311234188,0.7890057067458345,0.5316545598021313,0.48439408704217624,0.9602058733991123,0.9211255379436878
0.2,0.7,0.3,72,0.8985306904909801,0.8311140670672826,0.5376827351674862,0.5088841411071116,0.9635240027018406,0.939355292
0.2,0.7,0.3,96,0.9056540329816295,0.8565261241088153,0.5418165109806585,0.5235084747164679,0.9671746033984681,0.9497080125168964
0.2,0.7,0.3,120,0.90935221,0.8733154747719404,0.5437410041810936,0.532665075,0.9681396971115537,0.957416015
0.2,0.7,0.3,240,0.90935221,0.8733154747719404,0.5437410041810936,0.532665075,0.9681396971115537,0.957416015
0.2,0.7,0.3,480,0.90935221,0.8733154747719404,0.5437410041810936,0.532665075,0.9681396971115537,0.957416015
0.2,0.7,0.5,6,0.7218864763446271,0.6572648551910458,0.42800436708588013,0.3859733797109999,0.8972634559076182,0.9221240370082475
0.2,0.7,0.5,12,0.8036745026572536,0.6136384596778586,0.4776745273053455,0.35680077610769756,0.925315347,0.8779077675382918
0.2,0.7,0.5,24,0.8538228075246679,0.6836428633645283,0.5095290224495064,0.4141308160695419,0.9462302466185859,0.8814442144492777
0.2,0.7,0.5,48,0.888566064,0.7891396012283557,0.531691416,0.4844938288167141,0.9602340502179019,0.9211482150090773
0.2,0.7,0.5,72,0.8985678908589663,0.8312261797917029,0.537715187,0.5089735111404454,0.9635486988547797,0.9393689884305079
0.2,0.7,0.5,96,0.9056842190025252,0.8566205875356341,0.5418454218386579,0.5235892606336463,0.9671971448534997,0.9497184846500829
0.2,0.7,0.5,120,0.9093777718785392,0.8733959410076135,0.5437677224609924,0.5327392345820448,0.9681611988871754,0.9574239555877887
0.2,0.7,0.5,240,0.9093777718785392,0.8733959410076135,0.5437677224609924,0.5327392345820448,0.9681611988871754,0.9574239555877887
0.2,0.7,0.5,480,0.9093777718785392,0.8733959410076135,0.5437677224609924,0.5327392345820448,0.9681611988871754,0.9574239555877887
0.2,0.7,0.7,6,0.7219847909845066,0.6574044106956732,0.42807836260834997,0.38607579111187995,0.897305284,0.9222026910157777
0.2,0.7,0.7,12,0.8037507021582826,0.6137952366644512,0.47772962648512124,0.35691326126128364,0.9253536648819742,0.877978104
0.2,0.7,0.7,24,0.8538760689694354,0.6838054834066786,0.5095706659201827,0.41424752421469313,0.9462611205767142,0.8814822606885524
0.2,0.7,0.7,48,0.8885950763764541,0.7892668270078963,0.5317195766146929,0.48459095358159465,0.9602585354213955,0.9211663566613888
0.2,0.7,0.7,72,0.8985863736877058,0.8313266218474676,0.5377378336252665,0.5090575111783441,0.9635702609016716,0.9393799728694905
0.2,0.7,0.7,96,0.9056940422790728,0.8566997627276121,0.5418636278272594,0.5236626976859068,0.9672165371346666,0.9497274198658808
0.2,0.7,0.7,120,0.9093819201006151,0.8734585072677773,0.5437831848154775,0.5328046663973853,0.9681791898613117,0.9574307059700442
0.2,0.7,0.7,240,0.9093819201006151,0.8734585072677773,0.5437831848154775,0.5328046663973853,0.9681791898613117,0.9574307059700442
0.2,0.7,0.7,480,0.9093819201006151,0.8734585072677773,0.5437831848154775,0.5328046663973853,0.9681791898613117,0.9574307059700442
0.2,0.7,0.9,6,0.7220813719010556,0.6575466473027897,0.4281522209549308,0.38618148381059636,0.8973429085094777,0.922271762
0.2,0.7,0.9,12,0.803819826,0.6139572554987551,0.4777816261247376,0.3570308992367808,0.9253857442655051,0.878041449
0.2,0.7,0.9,24,0.8539174076510923,0.6839700624648117,0.5096063940285518,0.41436694227248083,0.9462878358172029,0.8815144304789886
0.2,0.7,0.9,48,0.8886074156226195,0.789387374,0.5317390640581642,0.48468544490294757,0.9602796002303087,0.9211805656133238
0.2,0.7,0.9,72,0.8985861995413676,0.8314154122042248,0.537750703,0.509136139,0.9635885833677935,0.9393899929681511
0.2,0.7,0.9,96,0.9056835758443713,0.8567636951336522,0.5418711637159448,0.5237287962745315,0.9672330966661371,0.9497356318264372
0.2,0.7,0.9,120,0.9093647364790094,0.8735032410407632,0.5437874304499685,0.5328613919365796,0.9681945138317443,0.9574365974867003
0.2,0.7,0.9,240,0.9093647364790094,0.8735032410407632,0.5437874304499685,0.5328613919365796,0.9681945138317443,0.9574365974867003
0.2,0.7,0.9,480,0.9093647364790094,0.8735032410407632,0.5437874304499685,0.5328613919365796,0.9681945138317443,0.9574365974867003
0.2,0.9,0.1,6,0.7216732787831307,0.6569791433603595,0.42784774844981127,0.3857680328058992,0.8971486090023701,0.9219227309659865
0.2,0.9,0.1,12,0.8034903994422986,0.6133248407105352,0.47754804462523814,0.3565803377173571,0.9252103850050384,0.8777142515576961
0.2,0.9,0.1,24,0.8536711298095014,0.6833061564316238,0.5094216560275718,0.41389346565740354,0.9461442696517339,0.8813309345970533
0.2,0.9,0.1,48,0.8884498655570684,0.7888491325596694,0.5316033938317393,0.48428021616640315,0.9601652656308568,0.9210929161187256
0.2,0.9,0.1,72,0.8984673486253382,0.8309757994378172,0.5376351520405207,0.5087785520931595,0.9634886385340871,0.9393347242134344
0.2,0.9,0.1,96,0.9055965427327435,0.8564031970275061,0.5417718013901389,0.5234100897096823,0.9671424938793018,0.9496931255131723
0.2,0.9,0.1,120,0.9092986160833835,0.8732050142365998,0.5436980800442943,0.5325724259976853,0.9681109175800628,0.9574041263399133
0.2,0.9,0.1,240,0.9092986160833835,0.8732050142365998,0.5436980800442943,0.5325724259976853,0.9681109175800628,0.9574041263399133
0.2,0.9,0.1,480,0.9092986160833835,0.8732050142365998,0.5436980800442943,0.5325724259976853,0.9681109175800628,0.9574041263399133
0.2,0.9,0.3,6,0.7217527118438472,0.6570829908615877,0.42790551011666056,0.3858419663520245,0.8971955301861727,0.922002862
0.2,0.9,0.3,12,0.8035618949531707,0.6134376325483429,0.4775962460237647,0.3566588539499225,0.9252545939816847,0.8777928904974086
0.2,0.9,0.3,24,0.8537332112879905,0.6834291491861493,0.5094642846457694,0.4139794727212039,0.9461812460759638,0.8813801912925736
0.2,0.9,0.3,48,0.8885013650172424,0.7889595958072386,0.5316403396748257,0.48436026137375476,0.9601950547061224,0.9211178081532926
0.2,0.9,0.3,72,0.8985141225421437,0.8310741008896984,0.537669735,0.5088531589039516,0.9635147058584219,0.9393500180482319
0.2,0.9,0.3,96,0.9056394356938935,0.856491233,0.5418044904203694,0.5234799122127544,0.9671661051493785,0.9497043209016005
0.2,0.9,0.3,120,0.9093389191769408,0.8732846658180256,0.5437295913658964,0.5326384139511611,0.968131892,0.9574129711488061
0.2,0.9,0.3,240,0.9093389191769408,0.8732846658180256,0.5437295913658964,0.5326384139511611,0.968131892,0.9574129711488061
0.2,0.9,0.3,480,0.9093389191769408,0.8732846658180256,0.5437295913658964,0.5326384139511611,0.968131892,0.9574129711488061
0.2,0.9,0.5,6,0.7218311118676183,0.6571884912584085,0.4279632028281482,0.3859179090206426,0.8972368009383997,0.922076604
0.2,0.9,0.5,12,0.8036291115840615,0.6135536382083123,0.47764257845869806,0.35674052011762647,0.9252916608128197,0.8778636037650982
0.2,0.9,0.5,24,0.8537880581457334,0.6835533793475765,0.5095033284503822,0.41406716036863295,0.9462113666432153,0.881419669
0.2,0.9,0.5,48,0.8885427234465911,0.7890660378456392,0.5316720146414918,0.4844387386680962,0.9602191330785426,0.9211364169079478
0.2,0.9,0.5,72,0.8985495380782809,0.8311653365595699,0.5376983703686147,0.5089245237220343,0.9635354391753492,0.9393617257424562
0.2,0.9,0.5,96,0.9056699669058477,0.8565699976062845,0.5418306837077582,0.5235452872140716,0.9671847289718511,0.9497127588794197
0.2,0.9,0.5,120,0.9093662189802162,0.8733534510112481,0.5437542707136567,0.532699114,0.9681495062607688,0.9574194201747108
0.2,0.9,0.5,240,0.9093662189802162,0.8733534510112481,0.5437542707136567,0.532699114,0.9681495062607688,0.9574194201747108
0.2,0.9,0.5,480,0.9093662189802162,0.8733534510112481,0.5437542707136567,0.532699114,0.9681495062607688,0.9574194201747108
0.2,0.9,0.7,6,0.7219084733339263,0.6572956346449602,0.4280208218843696,0.3859958532868577,0.8972734609384612,0.9221412293880544
0.2,0.9,0.7,12,0.8036920474775853,0.6136728443345284,0.47768703929019796,0.3568253261941593,0.9253243429090521,0.8779251256640915
0.2,0.9,0.7,24,0.8538356749340628,0.6836788299003488,0.5095387881734015,0.4141565154478758,0.9462377202560832,0.8814534208857914
0.2,0.9,0.7,48,0.8885739545137272,0.7891684503656923,0.5316984243147256,0.4845156388711414,0.9602400924127332,0.9211527202865201
0.2,0.9,0.7,72,0.8985736138138595,0.8312495083185166,0.5377210662680141,0.508992642,0.963554093,0.9393717157054817
0.2,0.9,0.7,96,0.9056881593842879,0.8566395018547299,0.5418503916385247,0.5236062148093446,0.9672017405378477,0.9497206694836254
0.2,0.9,0.7,120,0.9093805416720778,0.873411389,0.5437721300421399,0.5327545285934743,0.9681654781473552,0.9574256883868052
0.2,0.9,0.7,240,0.9093805416720778,0.873411389,0.5437721300421399,0.5327545285934743,0.9681654781473552,0.9574256883868052
0.2,0.9,0.7,480,0.9093805416720778,0.873411389,0.5437721300421399,0.5327545285934743,0.9681654781473552,0.9574256883868052
0.2,0.9,0.9,6,0.7219847909845066,0.6574044106956732,0.42807836260834997,0.38607579111187995,0.897305284,0.9222026910157777
0.2,0.9,0.9,12,0.8037507021582826,0.6137952366644512,0.47772962648512124,0.35691326126128364,0.9253536648819742,0.877978104
0.2,0.9,0.9,24,0.8538760689694354,0.6838054834066786,0.5095706659201827,0.41424752421469313,0.9462611205767142,0.8814822606885524
0.2,0.9,0.9,48,0.8885950763764541,0.7892668270078963,0.5317195766146929,0.48459095358159465,0.9602585354213955,0.9211663566613888
0.2,0.9,0.9,72,0.8985863736877058,0.8313266218474676,0.5377378336252665,0.509057511,0.9635702609016716,0.9393799728694905
0.2,0.9,0.9,96,0.9056940422790728,0.8566997627276121,0.5418636278272594,0.5236626976859068,0.9672165371346666,0.9497274198658808
0.2,0.9,0.9,120,0.9093819201006151,0.8734585072677773,0.5437831848154775,0.5328046663973853,0.9681791898613117,0.9574307059700442
0.2,0.9,0.9,240,0.9093819201006151,0.8734585072677773,0.5437831848154775,0.5328046663973853,0.9681791898613117,0.9574307059700442
0.2,0.9,0.9,480,0.9093819201006151,0.8734585072677773,0.5437831848154775,0.5328046663973853,0.9681791898613117,0.9574307059700442
0.3,0.1,0.1,6,0.7218829496312266,0.6572475993349528,0.4279854753524853,0.3859333326298097,0.8972318436264308,0.9220801745914047
0.3,0.1,0.1,12,0.8036635403311854,0.6136283322334688,0.4776578242439733,0.35676872536013404,0.9252818365957871,0.8778617805591764
0.3,0.1,0.1,24,0.8538010913363243,0.6836305881327853,0.5095068890611832,0.4140955061518251,0.9461986795408512,0.8814083229079105
0.3,0.1,0.1,48,0.8885329806322104,0.7891186870421627,0.5316617680625164,0.4844489346049516,0.9602060090094702,0.9211256735540456
0.3,0.1,0.1,72,0.8985300590925611,0.8312010677529602,0.5376824744100712,0.5089241287200105,0.9635234451925918,0.9393534083071773
0.3,0.1,0.1,96,0.9056424683286921,0.8565926825709029,0.5418102227742575,0.5235369018925431,0.9671730363454445,0.9497065057351429
0.3,0.1,0.1,120,0.909333523,0.873366174,0.5437309871048307,0.5326849494452953,0.9681378287021793,0.9574143423202017
0.3,0.1,0.1,240,0.909333523,0.873366174,0.5437309871048307,0.5326849494452953,0.9681378287021793,0.9574143423202017
0.3,0.1,0.1,480,0.909333523,0.873366174,0.5437309871048307,0.5326849494452953,0.9681378287021793,0.9574143423202017
0.3,0.1,0.3,6,0.7223360654697581,0.657952839,0.4283153547800263,0.3864168180324967,0.8973485890766884,0.9223052877853702
0.3,0.1,0.3,12,0.8038913800289808,0.6144749038482702,0.4778425517932221,0.35734874475181727,0.9253831526008893,0.8780621071932978
0.3,0.1,0.3,24,0.8538029783393003,0.6844503785288079,0.5095613471836558,0.4146517521938134,0.9462773636840165,0.8815024063605961
0.3,0.1,0.3,48,0.8883031836306455,0.789607846,0.5315828859293317,0.4848038901408769,0.9602662802796083,0.9211674566120688
0.3,0.1,0.3,72,0.8982015741826159,0.8314694801273343,0.5375495737469763,0.5091614007226182,0.9635750675354651,0.9393791742751613
0.3,0.1,0.3,96,0.9052327993736263,0.8566925684077986,0.541633733,0.5236845058444756,0.9672190233245597,0.9497248734047176
0.3,0.1,0.3,120,0.9088713262314647,0.873338477,0.5435276729617261,0.5327671826052356,0.9681808171856054,0.9574277526778074
0.3,0.1,0.3,240,0.9088713262314647,0.873338477,0.5435276729617261,0.5327671826052356,0.9681808171856054,0.9574277526778074
0.3,0.1,0.3,480,0.9088713262314647,0.873338477,0.5435276729617261,0.5327671826052356,0.9681808171856054,0.9574277526778074
0.3,0.1,0.5,6,0.7227262366930728,0.6587421434099382,0.4286394420225471,0.38700467885155004,0.8974180215798873,0.9224348258127145
0.3,0.1,0.5,12,0.8038650068967224,0.6154880884672861,0.47791569465116696,0.35809372902620196,0.9254449005171457,0.8781695859357715
0.3,0.1,0.5,24,0.8533801237055044,0.6853296674584464,0.5094049821586384,0.41529324351113006,0.9463250985299658,0.8815540437712868
0.3,0.1,0.5,48,0.8874836581428828,0.789881002,0.5311972267044112,0.4850734802457361,0.9603031512291151,0.9211908267970648
0.3,0.1,0.5,72,0.8972152888682218,0.8313656290886283,0.5370719769273564,0.5092271849456974,0.9636064085959368,0.9393938955328924
0.3,0.1,0.5,96,0.9041096079337809,0.8563083472020321,0.5410820549582404,0.5235993648342838,0.9672475467031525,0.9497357071655249
0.3,0.1,0.5,120,0.9076602689795347,0.8727464888859832,0.5429306402017375,0.5325743186448123,0.9682069899846628,0.9574362358590793
0.3,0.1,0.5,240,0.9076602689795347,0.8727464888859832,0.5429306402017375,0.5325743186448123,0.9682069899846628,0.9574362358590793
0.3,0.1,0.5,480,0.9076602689795347,0.8727464888859832,0.5429306402017375,0.5325743186448123,0.9682069899846628,0.9574362358590793
0.3,0.1,0.7,6,0.7230530300705258,0.6596102823519836,0.42895630279375174,0.3876922261670903,0.8974676399030286,0.9225205918301209
0.3,0.1,0.7,12,0.8035924850682319,0.6166589811928049,0.4778802516753875,0.3589961830275494,0.9254887629339887,0.8782376623353925
0.3,0.1,0.7,24,0.8525516435949763,0.6862608218252498,0.5090468767774674,0.4160130922676277,0.9463594230183094,0.8815905681609905
0.3,0.1,0.7,48,0.8861074888305771,0.7899450466744276,0.5305216436598732,0.48525905517962187,0.9603292034856323,0.9212085314826679
0.3,0.1,0.7,72,0.895611355,0.8309086193831652,0.536270356,0.5091291958001681,0.9636296582383928,0.9394053621420363
0.3,0.1,0.7,96,0.9023193273200526,0.8554695400224898,0.54017922,0.5232946459138366,0.9672685663086134,0.9497445670422351
0.3,0.1,0.7,120,0.9057511288635305,0.8716279815257302,0.5419661807444556,0.5321237382006356,0.968226051,0.9574423232573633
0.3,0.1,0.7,240,0.9057511288635305,0.8716279815257302,0.5419661807444556,0.5321237382006356,0.968226051,0.9574423232573633
0.3,0.1,0.7,480,0.9057511288635305,0.8716279815257302,0.5419661807444556,0.5321237382006356,0.968226051,0.9574423232573633
0.3,0.1,0.9,6,0.7233169155556916,0.66055109,0.42926464439345696,0.38847354027841297,0.8975071929240566,0.9225846903259128
0.3,0.1,0.9,12,0.8030860928037572,0.6179765696628161,0.47774110158480154,0.3600464691506984,0.9255243983224577,0.8782901284760477
0.3,0.1,0.9,24,0.8513445489037723,0.6872355228279224,0.5085000593879178,0.41680319846843017,0.9463880970750775,0.8816182176061662
0.3,0.1,0.9,48,0.8842198282570866,0.7898115449041792,0.5295792954081022,0.4853639141430214,0.9603503285658157,0.9212222884000769
0.3,0.1,0.9,72,0.8934439295532743,0.8301259062563896,0.5351727537568682,0.5088790865410322,0.9636481765861427,0.9394140562727537
0.3,0.1,0.9,96,0.8999240516429629,0.854216851,0.5389575280188732,0.5227889862779338,0.9672848094159154,0.9497515133061185
0.3,0.1,0.9,120,0.903211437,0.8700339888092992,0.5406694314233329,0.5314393865105044,0.9682410131166559,0.9574474011118724
0.3,0.1,0.9,240,0.903211437,0.8700339888092992,0.5406694314233329,0.5314393865105044,0.9682410131166559,0.9574474011118724
0.3,0.1,0.9,480,0.903211437,0.8700339888092992,0.5406694314233329,0.5314393865105044,0.9682410131166559,0.9574474011118724
0.3,0.3,0.1,6,0.7217181318842787,0.6570319492300082,0.42787449302059083,0.38579597919125747,0.8971661479419804,0.921958547
0.3,0.3,0.1,12,0.8035303794309179,0.6133843620398503,0.4775712304275565,0.35661299538442004,0.9252245939569737,0.877747401
0.3,0.3,0.1,24,0.8537040727603131,0.6833717297265507,0.5094409650267744,0.41393001193012524,0.9461541692078541,0.8813473585181658
0.3,0.3,0.1,48,0.8884748651273222,0.7889072003240593,0.5316180475297126,0.48431172063965905,0.9601718653349369,0.9210992747377251
0.3,0.3,0.1,72,0.8984888575936574,0.8310269895037194,0.5376478736731868,0.5088062578656497,0.9634938972024067,0.939337843
0.3,0.3,0.1,96,0.9056151810076025,0.8564486581691408,0.5417829683531233,0.5234346501975117,0.9671469539532922,0.9496950391259992
0.3,0.3,0.1,120,0.9093153595369335,0.8732458369343882,0.5437082804135127,0.532594559,0.9681145489240885,0.9574057385963896
0.3,0.3,0.1,240,0.9093153595369335,0.8732458369343882,0.5437082804135127,0.532594559,0.9681145489240885,0.9574057385963896
0.3,0.3,0.1,480,0.9093153595369335,0.8732458369343882,0.5437082804135127,0.532594559,0.9681145489240885,0.9574057385963896
0.3,0.3,0.3,6,0.7218829496312266,0.6572475993349528,0.4279854753524853,0.3859333326298097,0.8972318436264308,0.9220801745914047
0.3,0.3,0.3,12,0.8036635403311854,0.6136283322334688,0.4776578242439733,0.35676872536013404,0.9252818365957871,0.8778617805591764
0.3,0.3,0.3,24,0.8538010913363243,0.6836305881327853,0.5095068890611832,0.41409550615182517,0.9461986795408512,0.8814083229079105
0.3,0.3,0.3,48,0.8885329806322104,0.7891186870421627,0.5316617680625163,0.4844489346049516,0.9602060090094702,0.9211256735540456
0.3,0.3,0.3,72,0.8985300590925611,0.8312010677529602,0.5376824744100712,0.5089241287200105,0.9635234451925918,0.9393534083071773
0.3,0.3,0.3,96,0.9056424683286921,0.8565926825709029,0.5418102227742575,0.5235369018925431,0.9671730363454445,0.9497065057351429
0.3,0.3,0.3,120,0.9093335234037981,0.873366174,0.5437309871048307,0.5326849494452953,0.9681378287021793,0.9574143423202017
0.3,0.3,0.3,240,0.9093335234037981,0.873366174,0.5437309871048307,0.5326849494452953,0.9681378287021793,0.9574143423202017
0.3,0.3,0.3,480,0.9093335234037981,0.873366174,0.5437309871048307,0.5326849494452953,0.9681378287021793,0.9574143423202017
0.3,0.3,0.5,6,0.7220409171905556,0.6574730596426609,0.42809598524030784,0.3860826631997367,0.8972789606918612,0.9221720581427301
0.3,0.3,0.5,12,0.8037680408872641,0.6138915572993944,0.4777318994942268,0.35694337020738653,0.925323695,0.8779459343201067
0.3,0.3,0.5,24,0.8538497276802012,0.683896807,0.5095488447801678,0.41427108393740875,0.9462310753485503,0.8814487649301732
0.3,0.3,0.5,48,0.8885233734699054,0.7893059519832202,0.5316703004308166,0.4845767342681625,0.9602305544842338,0.9211430618154806
0.3,0.3,0.5,72,0.8984954542575807,0.8313326823205107,0.5376773941264144,0.5090225639491645,0.9635443593233297,0.9393644530174301
0.3,0.3,0.5,96,0.9055872925594681,0.8566810441090608,0.5417941604106009,0.5236125116845656,0.9671916451000995,0.9497142807289908
0.3,0.3,0.5,120,0.9092649728578761,0.8734213152959222,0.5437081500176077,0.5327436766805791,0.9681552923027019,0.9574197215310616
0.3,0.3,0.5,240,0.9092649728578761,0.8734213152959222,0.5437081500176077,0.5327436766805791,0.9681552923027019,0.9574197215310616
0.3,0.3,0.5,480,0.9092649728578761,0.8734213152959222,0.5437081500176077,0.5327436766805791,0.9681552923027019,0.9574197215310616
0.3,0.3,0.7,6,0.7221919726239378,0.6577081909465522,0.4282059641832323,0.38624386598570615,0.8973183178312614,0.9222453630750356
0.3,0.3,0.7,12,0.8038439456092151,0.6141738281935624,0.4777934638493838,0.357136773,0.9253568441914739,0.8780104245791545
0.3,0.3,0.7,24,0.8538502326891926,0.6841701527702165,0.5095669411299131,0.4144565659862039,0.9462564796889135,0.8814786293445266
0.3,0.3,0.7,48,0.8884465429928186,0.7894689851800955,0.531643891,0.4846950625968174,0.9602502481217514,0.9211566981903492
0.3,0.3,0.7,72,0.8983856722233317,0.83142204,0.5376329482248002,0.509101616,0.9635612654146035,0.9393725293676285
0.3,0.3,0.7,96,0.905450399,0.8567141432418184,0.5417351584219621,0.5236616320169017,0.9672064718325535,0.9497198106180259
0.3,0.3,0.7,120,0.9091105354652862,0.8734118198029601,0.5436401884727382,0.5327709729280334,0.9681692149661039,0.9574241514694166
0.3,0.3,0.7,240,0.9091105354652862,0.8734118198029601,0.5436401884727382,0.5327709729280334,0.9681692149661039,0.9574241514694166
0.3,0.3,0.7,480,0.9091105354652862,0.8734118198029601,0.5436401884727382,0.5327709729280334,0.9681692149661039,0.9574241514694166
0.3,0.3,0.9,6,0.7223360654697581,0.657952839,0.4283153547800263,0.38641681803249667,0.8973485890766884,0.9223052877853702
0.3,0.3,0.9,12,0.8038913800289808,0.6144749038482702,0.4778425517932221,0.35734874475181727,0.9253831526008893,0.8780621071932978
0.3,0.3,0.9,24,0.8538029783393003,0.6844503785288079,0.5095613471836558,0.4146517521938134,0.9462773636840165,0.8815024063605961
0.3,0.3,0.9,48,0.8883031836306455,0.789607846,0.5315828859293317,0.4848038901408769,0.9602662802796083,0.9211674566120688
0.3,0.3,0.9,72,0.8982015741826159,0.8314694801273343,0.5375495737469762,0.5091614007226182,0.9635750675354651,0.9393791742751613
0.3,0.3,0.9,96,0.9052327993736263,0.8566925684077986,0.541633733,0.5236845058444756,0.9672190233245597,0.9497248734047176
0.3,0.3,0.9,120,0.9088713262314647,0.873338477,0.5435276729617261,0.5327671826052356,0.9681808171856054,0.9574277526778074
0.3,0.3,0.9,240,0.9088713262314647,0.873338477,0.5435276729617261,0.5327671826052356,0.9681808171856054,0.9574277526778074
0.3,0.3,0.9,480,0.9088713262314647,0.873338477,0.5435276729617261,0.5327671826052356,0.9681808171856054,0.9574277526778074
0.3,0.5,0.1,6,0.721684353,0.6569900076345867,0.42785224507737657,0.38576995370104683,0.8971490610368962,0.9219282909906568
0.3,0.5,0.1,12,0.8035003066747903,0.6133378946808561,0.47755241066475085,0.3565841307210025,0.9252100836486878,0.877718651
0.3,0.5,0.1,24,0.85367885,0.6833208607163825,0.5094248987349672,0.4138981373768065,0.9461430642263313,0.8813304825625272
0.3,0.5,0.1,48,0.8884550853980058,0.7888620021855036,0.5316050665001499,0.4842831550956238,0.9601635328318403,0.9210919367105859
0.3,0.5,0.1,72,0.8984714819030326,0.8309870696963477,0.5376361728144015,0.5087803512109503,0.9634866646499902,0.9393332174316811
0.3,0.5,0.1,96,0.9055997814881458,0.856413152,0.5417722963247426,0.5234109959290433,0.9671403843848472,0.949692161
0.3,0.5,0.1,120,0.9093012689990803,0.8732139132310898,0.5436982478504303,0.5325726686971486,0.9681087628821554,0.9574032524064963
0.3,0.5,0.1,240,0.9093012689990803,0.8732139132310898,0.5436982478504303,0.5325726686971486,0.9681087628821554,0.9574032524064963
0.3,0.5,0.1,480,0.9093012689990803,0.8732139132310898,0.5436982478504303,0.5325726686971486,0.9681087628821554,0.9574032524064963
0.3,0.5,0.3,6,0.7217848765667747,0.6571170237563272,0.42791893886139887,0.38584947735756076,0.8971944754389454,0.9220110283767387
0.3,0.5,0.3,12,0.8035870845979888,0.6134796275099204,0.47760737,0.35667300887995357,0.9252499078904315,0.8777990984382329
0.3,0.5,0.3,24,0.8537486970039081,0.6834743755679319,0.509470215,0.4139949890072916,0.9461749326604167,0.8813755202691378
0.3,0.5,0.3,48,0.8885062617353339,0.7889946980694246,0.5316397697597843,0.4843677311415205,0.9601881536456918,0.9211119618400893
0.3,0.5,0.3,72,0.8985144653576176,0.8311017239655829,0.5376664907099706,0.5088557392438099,0.9635074431703703,0.9393451059397158
0.3,0.5,0.3,96,0.9056360279570772,0.8565129651132867,0.5417990863468112,0.5234787538205277,0.9671589479360496,0.9497004334046766
0.3,0.5,0.3,120,0.9093330715307238,0.8733018214922127,0.5437228487419816,0.5326345247783395,0.9681251717354504,0.9574097617036712
0.3,0.5,0.3,240,0.9093330715307238,0.8733018214922127,0.5437228487419816,0.5326345247783395,0.9681251717354504,0.9574097617036712
0.3,0.5,0.3,480,0.9093330715307238,0.8733018214922127,0.5437228487419816,0.5326345247783395,0.9681251717354504,0.9574097617036712
0.3,0.5,0.5,6,0.7218829496312266,0.6572475993349528,0.4279854753524853,0.3859333326298097,0.8972318436264308,0.9220801745914047
0.3,0.5,0.5,12,0.8036635403311854,0.6136283322334688,0.4776578242439733,0.35676872536013404,0.9252818365957871,0.8778617805591764
0.3,0.5,0.5,24,0.8538010913363243,0.6836305881327853,0.5095068890611832,0.41409550615182517,0.9461986795408512,0.8814083229079105
0.3,0.5,0.5,48,0.8885329806322104,0.7891186870421627,0.5316617680625163,0.4844489346049516,0.9602060090094702,0.9211256735540456
0.3,0.5,0.5,72,0.8985300590925611,0.8312010677529602,0.5376824744100712,0.5089241287200105,0.9635234451925918,0.9393534083071773
0.3,0.5,0.5,96,0.9056424683286921,0.8565926825709029,0.5418102227742575,0.5235369018925431,0.9671730363454445,0.9497065057351429
0.3,0.5,0.5,120,0.9093335234037981,0.873366174,0.5437309871048307,0.5326849494452953,0.9681378287021793,0.9574143423202017
0.3,0.5,0.5,240,0.9093335234037981,0.873366174,0.5437309871048307,0.5326849494452953,0.9681378287021793,0.9574143423202017
0.3,0.5,0.5,480,0.9093335234037981,0.873366174,0.5437309871048307,0.5326849494452953,0.9681378287021793,0.9574143423202017
0.3,0.5,0.7,6,0.7219785564096178,0.6573817068739417,0.4280518417455275,0.38602150002245833,0.8972614820235212,0.9221375528405761
0.3,0.5,0.7,12,0.8037296771539403,0.6137839693409222,0.4777037717351173,0.3568712518150656,0.9253079641913919,0.8779154822608695
0.3,0.5,0.7,24,0.8538360656940556,0.6837894506972293,0.5095349330782957,0.41419965379516765,0.946218494,0.8814343600966101
0.3,0.5,0.7,48,0.8885353155259089,0.7892339548250784,0.5316710966276028,0.4845267483886018,0.9602211973695449,0.9211369442815615
0.3,0.5,0.7,72,0.8985183579635595,0.8312851219756081,0.5376841705415768,0.50898552,0.9635364637869417,0.9393606257917763
0.3,0.5,0.7,96,0.905619217,0.8566523576834983,0.5418057624027124,0.523585457,0.9671848495143915,0.9497113425045716
0.3,0.5,0.7,120,0.9093027523897159,0.873407052,0.5437227267122074,0.532723973,0.9681486323273516,0.9574179435285926
0.3,0.5,0.7,240,0.9093027523897159,0.873407052,0.5437227267122074,0.532723973,0.9681486323273516,0.9574179435285926
0.3,0.5,0.7,480,0.9093027523897159,0.873407052,0.5437227267122074,0.532723973,0.9681486323273516,0.9574179435285926
0.3,0.5,0.9,6,0.722071683,0.6575193169371553,0.4281180253581112,0.38611395765686307,0.8972868562282494,0.9221883012500323
0.3,0.5,0.9,12,0.8037855063542183,0.6139464950703427,0.4777452125173871,0.3569805557068295,0.9253307316636865,0.8779599925938665
0.3,0.5,0.9,24,0.8538536690115888,0.6839509135544817,0.509554368,0.41430739411559964,0.9462364846950453,0.8814552440917129
0.3,0.5,0.9,48,0.8885133657907949,0.7893404962515481,0.5316678041620613,0.484601159,0.9602347433375085,0.9211458342939067
0.3,0.5,0.9,72,0.8984794877626908,0.8313539253637604,0.5376716419374123,0.509039922,0.9635478098535453,0.939366367
0.3,0.5,0.9,96,0.9055664227346212,0.8566920687657469,0.5417857806314863,0.5236244484192648,0.9671948093417817,0.949715501
0.3,0.5,0.9,120,0.9092409247198536,0.8734245651110301,0.5436981515521527,0.5327516409760925,0.96815814,0.9574209420242819
0.3,0.5,0.9,240,0.9092409247198536,0.8734245651110301,0.5436981515521527,0.5327516409760925,0.96815814,0.9574209420242819
0.3,0.5,0.9,480,0.9092409247198536,0.8734245651110301,0.5436981515521527,0.5327516409760925,0.96815814,0.9574209420242819
0.3,0.7,0.1,6,0.7216697928793091,0.656972155,0.42784270530551555,0.3857589478066922,0.8971412860430483,0.921914941
0.3,0.7,0.1,12,0.8034870673779297,0.6133182183752093,0.47754419204354226,0.3565719935307984,0.9252031976560744,0.8777054368844384
0.3,0.7,0.1,24,0.8536674456798496,0.6832991529328996,0.5094177190217851,0.41388460256615023,0.9461373987269384,0.8813229637215775
0.3,0.7,0.1,48,0.8884457748842076,0.788842336,0.5315990703221665,0.4842707986513028,0.9601591782325729,0.9210881546883847
0.3,0.7,0.1,72,0.8984631014151481,0.8309694402825227,0.5376306695792467,0.508769011,0.9634830333059643,0.9393312887510366
0.3,0.7,0.1,96,0.9055921652545416,0.8563972506543338,0.5417671888842457,0.5234005313232701,0.9671370091937195,0.9496905338485564
0.3,0.7,0.1,120,0.9092941608755443,0.8731994287578141,0.5436933867757519,0.5325628978588688,0.9681055685048381,0.9574019264385533
0.3,0.7,0.1,240,0.9092941608755443,0.8731994287578141,0.5436933867757519,0.5325628978588688,0.9681055685048381,0.9574019264385533
0.3,0.7,0.1,480,0.9092941608755443,0.8731994287578141,0.5436933867757519,0.5325628978588688,0.9681055685048381,0.9574019264385533
0.3,0.7,0.3,6,0.7217420940196471,0.6570621508897995,0.4278903743207622,0.38581486433672696,0.8971766954142546,0.9219778038390751
0.3,0.7,0.3,12,0.8035511579078813,0.6134180290154666,0.4775843669746598,0.3566340793914471,0.9252336045118592,0.877766823
0.3,0.7,0.3,24,0.8537209009140552,0.68340825,0.5094518526709987,0.4139530303862802,0.9461614770993585,0.8813580114651627
0.3,0.7,0.3,48,0.8884873271645066,0.788938893,0.531626454,0.4843318961103562,0.9601774102917895,0.9211044731347746
0.3,0.7,0.3,72,0.8984994021463413,0.8310544617593429,0.5376552546738698,0.5088242867916675,0.9634987791752878,0.9393405253231852
0.3,0.7,0.3,96,0.9056241488728642,0.8564726509861886,0.5417895243224011,0.5234508919956952,0.9671513386881947,0.9496972390273593
0.3,0.7,0.3,120,0.9093232868053709,0.873267034,0.5437143243184415,0.5326094160310115,0.9681183761497425,0.9574073207172307
0.3,0.7,0.3,240,0.9093232868053709,0.873267034,0.5437143243184415,0.5326094160310115,0.9681183761497425,0.9574073207172307
0.3,0.7,0.3,480,0.9093232868053709,0.873267034,0.5437143243184415,0.5326094160310115,0.9681183761497425,0.9574073207172307
0.3,0.7,0.5,6,0.7218131482367265,0.6571539690204371,0.427937966,0.3858729948128311,0.8972058365733662,0.9220317616936662
0.3,0.7,0.5,12,0.8036099823849715,0.6135214048036395,0.4776222449850828,0.35669965981850815,0.9252597019718289,0.8778173304974496
0.3,0.7,0.5,24,0.8537654465831714,0.6835187345009603,0.5094815749943575,0.41402333563747074,0.9461821200093807,0.8813854951643457
0.3,0.7,0.5,48,0.8885163886407821,0.7890310127461035,0.5316473501274818,0.4843912770869474,0.9601935479243691,0.921116271
0.3,0.7,0.5,72,0.8985217120155992,0.8311316696198446,0.5376725184212263,0.5088759933641428,0.9635124155501564,0.9393474113157985
0.3,0.7,0.5,96,0.9056409051786298,0.8565377902449747,0.5418038633563546,0.5234963476349747,0.967163468,0.949702392
0.3,0.7,0.5,120,0.9093363948231864,0.8733226086958332,0.5437268514313718,0.5326500972510219,0.9681288934863814,0.9574109369934389
0.3,0.7,0.5,240,0.9093363948231864,0.8733226086958332,0.5437268514313718,0.5326500972510219,0.9681288934863814,0.9574109369934389
0.3,0.7,0.5,480,0.9093363948231864,0.8733226086958332,0.5437268514313718,0.5326500972510219,0.9681288934863814,0.9574109369934389
0.3,0.7,0.7,6,0.7218829496312266,0.6572475993349528,0.4279854753524853,0.3859333326298097,0.8972318436264308,0.9220801745914047
0.3,0.7,0.7,12,0.8036635403311854,0.6136283322334688,0.4776578242439733,0.35676872536013404,0.9252818365957871,0.8778617805591764
0.3,0.7,0.7,24,0.8538010913363243,0.6836305881327853,0.5095068890611832,0.41409550615182517,0.9461986795408512,0.8814083229079105
0.3,0.7,0.7,48,0.8885329806322104,0.7891186870421627,0.5316617680625163,0.4844489346049516,0.9602060090094702,0.9211256735540456
0.3,0.7,0.7,72,0.8985300590925611,0.8312010677529602,0.5376824744100712,0.5089241287200105,0.9635234451925918,0.9393534083071773
0.3,0.7,0.7,96,0.9056424683286921,0.8565926825709029,0.5418102227742575,0.5235369018925431,0.9671730363454445,0.9497065057351429
0.3,0.7,0.7,120,0.9093335234037981,0.873366174,0.5437309871048307,0.5326849494452953,0.9681378287021793,0.9574143423202017
0.3,0.7,0.7,240,0.9093335234037981,0.873366174,0.5437309871048307,0.5326849494452953,0.9681378287021793,0.9574143423202017
0.3,0.7,0.7,480,0.9093335234037981,0.873366174,0.5437309871048307,0.5326849494452953,0.9681378287021793,0.9574143423202017
0.3,0.7,0.9,6,0.721951493,0.657343032,0.4280328980178095,0.38599587055785717,0.8972537522331261,0.9221223795483188
0.3,0.7,0.9,12,0.8037118333603601,0.6137387966824124,0.477691104,0.3568412654659764,0.9253006261642527,0.877901319
0.3,0.7,0.9,24,0.853827848,0.6837437938467326,0.5095278000189021,0.41416952901994875,0.9462129035606037,0.8814276850534424
0.3,0.7,0.9,48,0.8885371312653765,0.7892019115617599,0.5316697215647177,0.4845048626198346,0.9602169482450003,0.9211340361927773
0.3,0.7,0.9,72,0.8985244795740587,0.8312626647166552,0.53768514,0.5089686934772113,0.9635328023072809,0.9393588327214897
0.3,0.7,0.9,96,0.9056288817842433,0.8566373486883805,0.5418086242540924,0.5235725615784966,0.967181595,0.9497100768078987
0.3,0.7,0.9,120,0.9093147211387134,0.8733977620823675,0.5437267556451825,0.5327139844695112,0.9681457995776552,0.9574171147986281
0.3,0.7,0.9,240,0.9093147211387134,0.8733977620823675,0.5437267556451825,0.5327139844695112,0.9681457995776552,0.9574171147986281
0.3,0.7,0.9,480,0.9093147211387134,0.8733977620823675,0.5437267556451825,0.5327139844695112,0.9681457995776552,0.9574171147986281
0.3,0.9,0.1,6,0.7216616827177991,0.6569622678196324,0.42783740417294147,0.3857528717879617,0.8971371574610439,0.9219074521990065
0.3,0.9,0.1,12,0.8034796212345177,0.613307349,0.47753958648756895,0.3565653111890945,0.9251991293453401,0.8776977070940432
0.3,0.9,0.1,24,0.8536609560026837,0.6832871172943664,0.5094136540271612,0.4138771158690528,0.9461338879254528,0.8813186995292152
0.3,0.9,0.1,48,0.888440386,0.7888313339679864,0.5315956268602278,0.4842639044234636,0.9601567372461324,0.9210864068215507
0.3,0.9,0.1,72,0.8984582034240942,0.8309595111192645,0.5376274855214358,0.5087626485092253,0.9634809539471445,0.9393302490716267
0.3,0.9,0.1,96,0.9055876703943544,0.8563882390496493,0.5417642130007303,0.5233946328618184,0.9671352914625204,0.9496897352542271
0.3,0.9,0.1,120,0.9092899345740613,0.8731911736183102,0.5436905405757273,0.5325573686566488,0.9681040315874494,0.9574012333189468
0.3,0.9,0.1,240,0.9092899345740613,0.8731911736183102,0.5436905405757273,0.5325573686566488,0.9681040315874494,0.9574012333189468
0.3,0.9,0.1,480,0.9092899345740613,0.8731911736183102,0.5436905405757273,0.5325573686566488,0.9681040315874494,0.9574012333189468
0.3,0.9,0.3,6,0.7217181318842787,0.6570319492300082,0.42787449302059083,0.3857959791912574,0.8971661479419804,0.921958547
0.3,0.9,0.3,12,0.8035303794309179,0.6133843620398503,0.4775712304275565,0.35661299538442004,0.9252245939569737,0.877747401
0.3,0.9,0.3,24,0.8537040727603131,0.6833717297265507,0.5094409650267744,0.4139300119301253,0.9461541692078541,0.8813473585181658
0.3,0.9,0.3,48,0.8884748651273222,0.7889072003240593,0.5316180475297126,0.48431172063965905,0.9601718653349369,0.9210992747377251
0.3,0.9,0.3,72,0.8984888575936573,0.8310269895037194,0.5376478736731868,0.5088062578656498,0.9634938972024067,0.939337843
0.3,0.9,0.3,96,0.9056151810076025,0.8564486581691408,0.5417829683531233,0.5234346501975118,0.9671469539532922,0.9496950391259992
0.3,0.9,0.3,120,0.9093153595369335,0.8732458369343882,0.5437082804135127,0.5325945588015211,0.9681145489240885,0.9574057385963896
0.3,0.9,0.3,240,0.9093153595369335,0.8732458369343882,0.5437082804135127,0.5325945588015211,0.9681145489240885,0.9574057385963896
0.3,0.9,0.3,480,0.9093153595369335,0.8732458369343882,0.5437082804135127,0.5325945588015211,0.9681145489240885,0.9574057385963896
0.3,0.9,0.5,6,0.7217738279722974,0.6571027345942545,0.42791153597318915,0.38584042715535194,0.897189759,0.9220024999920142
0.3,0.9,0.5,12,0.8035779523267393,0.6134635344454239,0.4776014853464234,0.356662795,0.9252456587658868,0.8777909919523993
0.3,0.9,0.5,24,0.8537417985185429,0.6834571842887904,0.5094656070663269,0.41398404608899775,0.9461713917232961,0.8813716177043964
0.3,0.9,0.5,48,0.8885017843414291,0.7889803837039281,0.5316365417603671,0.48435850000310543,0.9601852,0.9211104550583358
0.3,0.9,0.5,72,0.8985110434308083,0.831089741,0.537663831,0.508847708,0.9635051377942874,0.9393440511924883
0.3,0.9,0.5,96,0.9056334742206764,0.8565028678792899,0.5417968835523715,0.5234716999179027,0.9671568535094124,0.9496997101494349
0.3,0.9,0.5,120,0.9093310880589931,0.8732932183087915,0.5437209292434714,0.5326282168046521,0.9681233183938938,0.9574092644656926
0.3,0.9,0.5,240,0.9093310880589931,0.8732932183087915,0.5437209292434714,0.5326282168046521,0.9681233183938938,0.9574092644656926
0.3,0.9,0.5,480,0.9093310880589931,0.8732932183087915,0.5437209292434714,0.5326282168046521,0.9681233183938938,0.9574092644656926
0.3,0.9,0.7,6,0.7218287681265918,0.6571746194969702,0.4279485308179518,0.3858862127035514,0.897211834,0.9220429420142768
0.3,0.9,0.7,12,0.8036223392589679,0.6135448600201439,0.4776303501911407,0.3567147068882224,0.9252650962505062,0.8778267780190439
0.3,0.9,0.7,24,0.8537741364677331,0.6835434731127793,0.5094875811542001,0.41403921277695166,0.9461860677775749,0.8813908743752056
0.3,0.9,0.7,48,0.8885211524756863,0.7890508802666562,0.5316511135165483,0.4844042390370009,0.9601966820304162,0.9211185012728993
0.3,0.9,0.7,72,0.8985247724349475,0.8311477661134773,0.537675362,0.508886999,0.963515188,0.9393489783688221
0.3,0.9,0.7,96,0.9056425641489128,0.8565508734500353,0.5418059654697659,0.5235057830779163,0.9671659846068383,0.949703462
0.3,0.9,0.7,120,0.909337136,0.8733333267633141,0.5437284948831158,0.532658346,0.968131274,0.9574116301130455
0.3,0.9,0.7,240,0.909337136,0.8733333267633141,0.5437284948831158,0.532658346,0.968131274,0.9574116301130455
0.3,0.9,0.7,480,0.909337136,0.8733333267633141,0.5437284948831158,0.532658346,0.968131274,0.9574116301130455
0.3,0.9,0.9,6,0.7218829496312266,0.6572475993349528,0.4279854753524853,0.3859333326298097,0.8972318436264308,0.9220801745914047
0.3,0.9,0.9,12,0.8036635403311854,0.6136283322334688,0.4776578242439733,0.35676872536013404,0.9252818365957871,0.8778617805591764
0.3,0.9,0.9,24,0.8538010913363243,0.6836305881327853,0.5095068890611832,0.41409550615182517,0.9461986795408512,0.8814083229079105
0.3,0.9,0.9,48,0.8885329806322104,0.7891186870421627,0.5316617680625164,0.4844489346049516,0.9602060090094702,0.9211256735540456
0.3,0.9,0.9,72,0.8985300590925611,0.8312010677529602,0.5376824744100712,0.5089241287200105,0.9635234451925918,0.9393534083071773
0.3,0.9,0.9,96,0.9056424683286921,0.8565926825709029,0.5418102227742575,0.5235369018925431,0.9671730363454445,0.9497065057351429
0.3,0.9,0.9,120,0.9093335234037981,0.873366174,0.5437309871048307,0.5326849494452953,0.9681378287021793,0.9574143423202017
0.3,0.9,0.9,240,0.9093335234037981,0.873366174,0.5437309871048307,0.5326849494452953,0.9681378287021793,0.9574143423202017
0.3,0.9,0.9,480,0.9093335234037981,0.873366174,0.5437309871048307,0.5326849494452953,0.9681378287021793,0.9574143423202017
0.5,0.1,0.1,6,0.7217908339365529,0.6571177773449564,0.4279155999622058,0.3858359372118189,0.8971739078680105,0.9219844638144253
0.5,0.1,0.1,12,0.8035837976702713,0.6134850502077622,0.47760304487031097,0.3566636180746202,0.9252275472492102,0.8777667930374389
0.5,0.1,0.1,24,0.8537339231716967,0.6834759985336952,0.5094590061908715,0.41398090830627726,0.9461535815629705,0.8813522856944996
0.5,0.1,0.1,48,0.8884798140031476,0.7889860117107881,0.5316213988868633,0.4843448311779439,0.9601699969255626,0.9210997267722512
0.5,0.1,0.1,72,0.8984831014334165,0.8310872346242174,0.5376452188858621,0.5088284334019934,0.9634913808768784,0.9393372405389627
0.5,0.1,0.1,96,0.9056006100739018,0.8564943126147165,0.5417754651555652,0.5234483642627046,0.9671440307966905,0.9496945870914731
0.5,0.1,0.1,120,0.9092950513317639,0.8732801834771098,0.5436977790628944,0.532602037,0.9681116106996694,0.9574050002733303
0.5,0.1,0.1,240,0.9092950513317639,0.8732801834771098,0.5436977790628944,0.532602037,0.9681116106996694,0.9574050002733303
0.5,0.1,0.1,480,0.9092950513317639,0.8732801834771098,0.5436977790628944,0.532602037,0.9681116106996694,0.9574050002733303
0.5,0.1,0.3,6,0.7220782184336825,0.6575339181217152,0.42810731683160164,0.3860884205228422,0.8972333805438193,0.9220983313115336
0.5,0.1,0.3,12,0.8037273396513914,0.6139871656870207,0.47771118669918555,0.35697637659100373,0.9252741520088446,0.8778717102509317
0.5,0.1,0.3,24,0.8537278190640271,0.6839653197853932,0.5094804065054498,0.4142781298869338,0.9461873636098828,0.8814020546958161
0.5,0.1,0.3,48,0.8883199614327635,0.7892842250870962,0.531553491,0.48452095451610444,0.9601945122646913,0.9211193601384986
0.5,0.1,0.3,72,0.898257758,0.8312572606225479,0.5375410857590551,0.5089339159585137,0.9635122950076163,0.9393486619446538
0.5,0.1,0.3,96,0.9053213575872339,0.8565662702616222,0.5416420791218777,0.5235001354970938,0.9671621272455495,0.9497027237129417
0.5,0.1,0.3,120,0.9089809222522024,0.8732777775827965,0.5435463741333462,0.5326147194926489,0.9681277784678839,0.9574108164508986
0.5,0.1,0.3,240,0.9089809222522024,0.8732777775827965,0.5435463741333462,0.5326147194926489,0.9681277784678839,0.9574108164508986
0.5,0.1,0.3,480,0.9089809222522024,0.8732777775827965,0.5435463741333462,0.5326147194926489,0.9681277784678839,0.9574108164508986
0.5,0.1,0.5,6,0.7223279644500255,0.6579972723218486,0.42829618439341594,0.3863990448071051,0.8972708391382103,0.9221726156519789
0.5,0.1,0.5,12,0.8037149589206839,0.6145825424546593,0.47775115622623054,0.35738115707421736,0.9253044835255415,0.8779381141228064
0.5,0.1,0.5,24,0.8534599073482416,0.6844895567810657,0.5093720991788776,0.4146240632913278,0.9462096489120164,0.8814306383456791
0.5,0.1,0.5,48,0.887795263,0.789464287,0.5312960426064265,0.48465128228843857,0.9602103033374674,0.9211292898302539
0.5,0.1,0.5,72,0.8976248215347062,0.8312214183552166,0.5372236377672457,0.5089454297324956,0.9635254642801416,0.939355005
0.5,0.1,0.5,96,0.904599433,0.8563691849774261,0.5412762108307391,0.523423461,0.9671737897363211,0.9497071084478443
0.5,0.1,0.5,120,0.908201806,0.8729608372203729,0.5431508013096384,0.5324750104541757,0.9681379191090846,0.9574137697431354
0.5,0.1,0.5,240,0.908201806,0.8729608372203729,0.5431508013096384,0.5324750104541757,0.9681379191090846,0.9574137697431354
0.5,0.1,0.5,480,0.908201806,0.8729608372203729,0.5431508013096384,0.5324750104541757,0.9681379191090846,0.9574137697431354
0.5,0.1,0.7,6,0.7225398891024338,0.6585061626895653,0.42848168630655553,0.386766401,0.8972983831086633,0.9222260913364088
0.5,0.1,0.7,12,0.8035498429801209,0.6152683132999226,0.47772416872748946,0.3578756456799433,0.9253264825391418,0.8779833627788625
0.5,0.1,0.7,24,0.8529378131091406,0.6850461802161968,0.5091377477892979,0.4150165736099958,0.9462262084434867,0.881448479
0.5,0.1,0.7,48,0.886918997,0.7895282693262464,0.530855868,0.48473633251679404,0.9602219658282392,0.9211367483999335
0.5,0.1,0.7,72,0.8966004461355693,0.8309857175670239,0.5367012487347663,0.5088655700331974,0.9635349871408234,0.9393594505020086
0.5,0.1,0.7,96,0.9034535529044302,0.8559124561987894,0.5406876096104254,0.5232227278636475,0.9671823633244983,0.949710258
0.5,0.1,0.7,120,0.9069781989176628,0.8723414632260552,0.5425217381988134,0.5321886897752844,0.9681455584925747,0.9574158641697726
0.5,0.1,0.7,240,0.9069781989176628,0.8723414632260552,0.5425217381988134,0.5321886897752844,0.9681455584925747,0.9574158641697726
0.5,0.1,0.7,480,0.9069781989176628,0.8723414632260552,0.5425217381988134,0.5321886897752844,0.9681455584925747,0.9574158641697726
0.5,0.1,0.9,6,0.7227141413093984,0.6590585942098323,0.42866334460301647,0.38718867477726926,0.897318393,0.9222674374277235
0.5,0.1,0.9,12,0.8032368527656553,0.616040904,0.4776321774635339,0.35845681840482135,0.9253436447833137,0.8780182598442724
0.5,0.1,0.9,24,0.8521723816733177,0.6856323732801678,0.5087826161736281,0.41545307980444723,0.9462384284435073,0.8814630944246484
0.5,0.1,0.9,48,0.8857094802313902,0.7894797650581341,0.5302424054233591,0.4847772251769292,0.9602312024003878,0.9211428357982174
0.5,0.1,0.9,72,0.8952067037341933,0.8305590194730484,0.535985395,0.5086982409398823,0.9635431086944743,0.9393631722529396
0.5,0.1,0.9,96,0.9019091182812674,0.855209403,0.5398895384666642,0.5229042011717103,0.9671894150631044,0.949712397
0.5,0.1,0.9,120,0.9053377935460831,0.871436485,0.541673646,0.5317638326803532,0.9681523540782826,0.957417341
0.5,0.1,0.9,240,0.9053377935460831,0.871436485,0.541673646,0.5317638326803532,0.9681523540782826,0.957417341
0.5,0.1,0.9,480,0.9053377935460831,0.871436485,0.541673646,0.5317638326803532,0.9681523540782826,0.957417341
0.5,0.3,0.1,6,0.7216867551987717,0.6569897962702942,0.42785115509532035,0.3857648782855871,0.8971419791626549,0.9219216611509415
0.5,0.3,0.1,12,0.8035010068242867,0.6133387895687834,0.47755175096121844,0.3565801059374182,0.9252014949926932,0.8777095051951727
0.5,0.3,0.1,24,0.8536769654930427,0.6833210392169605,0.5094226662005286,0.41389295722806396,0.9461349276048627,0.8813220596525254
0.5,0.3,0.1,48,0.8884505332892881,0.7888602274906409,0.5316011558330648,0.48427594881816693,0.960156451,0.9210872355515152
0.5,0.3,0.1,72,0.898465804,0.8309842221640398,0.5376315796901936,0.5087721480561846,0.963480291,0.939330339
0.5,0.3,0.1,96,0.905593174,0.8564095423051662,0.5417671505616616,0.5234021052467536,0.9671345531394613,0.9496896147116868
0.5,0.3,0.1,120,0.9092940645024914,0.8732097612989564,0.5436927605973407,0.5325633164453675,0.9681034740782006,0.9574013689293045
0.5,0.3,0.1,240,0.9092940645024914,0.8732097612989564,0.5436927605973407,0.5325633164453675,0.9681034740782006,0.9574013689293045
0.5,0.3,0.1,480,0.9092940645024914,0.8732097612989564,0.5436927605973407,0.5325633164453675,0.9681034740782006,0.9574013689293045
0.5,0.3,0.3,6,0.7217908339365529,0.6571177773449564,0.42791559996220574,0.38583593721181897,0.8971739078680105,0.9219844638144253
0.5,0.3,0.3,12,0.8035837976702713,0.6134850502077622,0.4776030448703109,0.3566636180746202,0.9252275472492102,0.8777667930374389
0.5,0.3,0.3,24,0.8537339231716967,0.6834759985336952,0.5094590061908715,0.41398090830627726,0.9461535815629705,0.8813522856944996
0.5,0.3,0.3,48,0.8884798140031476,0.7889860117107881,0.5316213988868633,0.4843448311779439,0.9601699969255626,0.9210997267722512
0.5,0.3,0.3,72,0.8984831014334165,0.8310872346242174,0.5376452188858623,0.5088284334019934,0.9634913808768784,0.9393372405389627
0.5,0.3,0.3,96,0.9056006100739018,0.8564943126147166,0.5417754651555652,0.5234483642627046,0.9671440307966905,0.9496945870914731
0.5,0.3,0.3,120,0.9092950513317639,0.8732801834771098,0.5436977790628944,0.532602037,0.9681116106996694,0.9574050002733303
0.5,0.3,0.3,240,0.9092950513317639,0.8732801834771098,0.5436977790628944,0.532602037,0.9681116106996694,0.9574050002733303
0.5,0.3,0.3,480,0.9092950513317639,0.8732801834771098,0.5436977790628944,0.532602037,0.9681116106996694,0.9574050002733303
0.5,0.3,0.5,6,0.7218907856578628,0.6572511554073571,0.42797978892158833,0.3859135687055495,0.8971985588174971,0.9220301042337373
0.5,0.3,0.5,12,0.803649094,0.6136419135910733,0.4776467098390325,0.3567575342138409,0.925246593,0.8778086212989147
0.5,0.3,0.5,24,0.8537613060109898,0.6836350835208336,0.5094807068259155,0.41407445800476955,0.9461673535481969,0.8813732299608725
0.5,0.3,0.5,48,0.8884676600887706,0.7890986055479943,0.5316201255296734,0.48440863326199035,0.9601795499218795,0.9211080743431653
0.5,0.3,0.5,72,0.898454003,0.8311670279138423,0.5376345853167168,0.5088741371553616,0.9634993366845366,0.9393421978509315
0.5,0.3,0.5,96,0.9055575610463457,0.8565485952686069,0.5417572754280345,0.5234800792805043,0.9671510222640265,0.949698218
0.5,0.3,0.5,120,0.9092429409454366,0.873314861,0.5436749255931093,0.5326234492809654,0.9681178035726761,0.9574074563275885
0.5,0.3,0.5,240,0.9092429409454366,0.873314861,0.5436749255931093,0.5326234492809654,0.9681178035726761,0.9574074563275885
0.5,0.3,0.5,480,0.9092429409454366,0.873314861,0.5436749255931093,0.5326234492809654,0.9681178035726761,0.9574074563275885
0.5,0.3,0.7,6,0.7219865869161457,0.6573898854762221,0.4280437013197228,0.38599774191788183,0.8972173785215978,0.9220677135063036
0.5,0.3,0.7,12,0.8036969236618965,0.6138093114440948,0.47768275180018405,0.35686180629793995,0.9252611484823123,0.8778433526183318
0.5,0.3,0.7,24,0.8537592205697575,0.6837982176607033,0.5094878165678691,0.4141735521133457,0.9461783229193621,0.8813894127969046
0.5,0.3,0.7,48,0.888414281,0.7891980045460641,0.5315974416208871,0.48446734252509815,0.960187235,0.9211141768092668
0.5,0.3,0.7,72,0.8983787707689832,0.8312236677405832,0.5375998139293058,0.5089092836749762,0.9635060569311571,0.9393457839915047
0.5,0.3,0.7,96,0.9054643392979731,0.856572519,0.5417127421890179,0.5234973079835297,0.967156929,0.9497007347610272
0.5,0.3,0.7,120,0.9091380794382882,0.8733139757459552,0.5436243786528054,0.5326276372433334,0.9681231375800834,0.9574090987196997
0.5,0.3,0.7,240,0.9091380794382882,0.8733139757459552,0.5436243786528054,0.5326276372433334,0.9681231375800834,0.9574090987196997
0.5,0.3,0.7,480,0.9091380794382882,0.8733139757459552,0.5436243786528054,0.5326276372433334,0.9681231375800834,0.9574090987196997
0.5,0.3,0.9,6,0.7220782184336825,0.6575339181217152,0.42810731683160164,0.3860884205228422,0.8972333805438193,0.9220983313115336
0.5,0.3,0.9,12,0.8037273396513914,0.6139871656870207,0.47771118669918555,0.35697637659100373,0.9252741520088446,0.8778717102509317
0.5,0.3,0.9,24,0.8537278190640271,0.6839653197853932,0.5094804065054497,0.4142781298869338,0.9461873636098828,0.8814020546958161
0.5,0.3,0.9,48,0.8883199614327635,0.7892842250870962,0.531553491,0.4845209545161045,0.9601945122646913,0.9211193601384986
0.5,0.3,0.9,72,0.898257758,0.8312572606225479,0.5375410857590551,0.5089339159585137,0.9635122950076163,0.9393486619446538
0.5,0.3,0.9,96,0.9053213575872339,0.8565662702616222,0.5416420791218777,0.5235001354970938,0.9671621272455495,0.9497027237129417
0.5,0.3,0.9,120,0.9089809222522023,0.8732777775827965,0.5435463741333462,0.5326147194926489,0.9681277784678839,0.9574108164508986
0.5,0.3,0.9,240,0.9089809222522023,0.8732777775827965,0.5435463741333462,0.5326147194926489,0.9681277784678839,0.9574108164508986
0.5,0.3,0.9,480,0.9089809222522023,0.8732777775827965,0.5435463741333462,0.5326147194926489,0.9681277784678839,0.9574108164508986
0.5,0.5,0.1,6,0.7216654465647734,0.6569648513346256,0.42783823725177167,0.3857514575341428,0.8971342343044422,0.9219063522483264
0.5,0.5,0.1,12,0.8034823483405193,0.6133108150798899,0.47754057689369167,0.3565646555314782,0.9251952117127813,0.8776951757006973
0.5,0.5,0.1,24,0.8536620188503464,0.6832905488295761,0.5094136388255496,0.4138760431487257,0.9461303620561496,0.8813144805403055
0.5,0.5,0.1,48,0.8884396918072012,0.7888334896684615,0.531594519,0.4842615643885778,0.9601532264446466,0.9210841165132855
0.5,0.5,0.1,72,0.8984567594697979,0.8309608304953092,0.5376259305408864,0.5087596203786137,0.963477699,0.9393288176289609
0.5,0.5,0.1,96,0.9055856086971702,0.8563889224934452,0.5417622967599165,0.5233911050463865,0.9671321422886558,0.9496884243541015
0.5,0.5,0.1,120,0.9092874728539093,0.8731913766889244,0.5436884006835006,0.5325534902989176,0.9681014399228336,0.957400254
0.5,0.5,0.1,240,0.9092874728539093,0.8731913766889244,0.5436884006835006,0.5325534902989176,0.9681014399228336,0.957400254
0.5,0.5,0.1,480,0.9092874728539093,0.8731913766889244,0.5436884006835006,0.5325534902989176,0.9681014399228336,0.957400254
0.5,0.5,0.3,6,0.7217288802624554,0.6570403383701681,0.4278769624164413,0.38579251140326476,0.8971561278433199,0.9219497023593732
0.5,0.5,0.3,12,0.8035362234464016,0.6133960175376552,0.4775731839585695,0.3566122596423463,0.9252132026869173,0.8777347889929956
0.5,0.5,0.3,24,0.8537033024464914,0.6833825231649716,0.5094389610704673,0.41392746263172014,0.946143787,0.8813359069768396
0.5,0.5,0.3,48,0.8884672280436325,0.788912123,0.53161184,0.4843041102546151,0.9601624027455251,0.9210930065256309
0.5,0.5,0.3,72,0.8984783034701809,0.8310282159388452,0.5376399547923248,0.5087959327617784,0.9634851277326015,0.9393336996018421
0.5,0.5,0.3,96,0.9056022225008684,0.8564471147701428,0.5417736649764946,0.5234223566690435,0.9671387118571009,0.9496920556981273
0.5,0.5,0.3,120,0.9093008484277623,0.8732422280739025,0.5436981216103414,0.5325808857055605,0.9681068944727811,0.957403102
0.5,0.5,0.3,240,0.9093008484277623,0.8732422280739025,0.5436981216103414,0.5325808857055605,0.9681068944727811,0.957403102
0.5,0.5,0.3,480,0.9093008484277623,0.8732422280739025,0.5436981216103414,0.5325808857055605,0.9681068944727811,0.957403102
0.5,0.5,0.5,6,0.7217908339365529,0.6571177773449564,0.42791559996220574,0.3858359372118189,0.8971739078680105,0.9219844638144253
0.5,0.5,0.5,12,0.8035837976702713,0.6134850502077622,0.4776030448703109,0.3566636180746202,0.9252275472492102,0.8777667930374389
0.5,0.5,0.5,24,0.8537339231716967,0.6834759985336952,0.5094590061908715,0.41398090830627726,0.9461535815629705,0.8813522856944996
0.5,0.5,0.5,48,0.8884798140031476,0.7889860117107881,0.5316213988868633,0.4843448311779439,0.9601699969255626,0.9210997267722512
0.5,0.5,0.5,72,0.8984831014334165,0.8310872346242174,0.5376452188858621,0.5088284334019934,0.9634913808768784,0.9393372405389627
0.5,0.5,0.5,96,0.9056006100739018,0.8564943126147166,0.5417754651555652,0.5234483642627046,0.9671440307966905,0.9496945870914731
0.5,0.5,0.5,120,0.9092950513317639,0.8732801834771098,0.5436977790628944,0.532602037,0.9681116106996694,0.9574050002733303
0.5,0.5,0.5,240,0.9092950513317639,0.8732801834771098,0.5436977790628944,0.532602037,0.9681116106996694,0.9574050002733303
0.5,0.5,0.5,480,0.9092950513317639,0.8732801834771098,0.5436977790628944,0.532602037,0.9681116106996694,0.9574050002733303
0.5,0.5,0.7,6,0.721851302,0.6571971593221816,0.42795414537558885,0.3858817292509382,0.8971897290764219,0.9220128666504779
0.5,0.5,0.7,12,0.8036250732892563,0.6135779000567776,0.47763015916987733,0.3567187221355207,0.9252395110963327,0.8777934329388399
0.5,0.5,0.7,24,0.853753896,0.6835709592365081,0.5094737807032805,0.4140363696123827,0.9461623661005929,0.8813660275440911
0.5,0.5,0.7,48,0.8884774820531383,0.7890551516129034,0.5316232109345139,0.48438372304607463,0.9601762048663869,0.921105272
0.5,0.5,0.7,72,0.8984711948607211,0.8311378936139616,0.5376417438822493,0.5088571243065148,0.9634965792739278,0.9393406458657255
0.5,0.5,0.7,96,0.9055808211404199,0.8565305337813052,0.5417677227428389,0.5234691354814668,0.9671484908706807,0.949696923
0.5,0.5,0.7,120,0.9092701370928907,0.8733052695716197,0.5436874014923126,0.5326169568198802,0.9681154831287757,0.9574066577332592
0.5,0.5,0.7,240,0.9092701370928907,0.8733052695716197,0.5436874014923126,0.5326169568198802,0.9681154831287757,0.9574066577332592
0.5,0.5,0.7,480,0.9092701370928907,0.8733052695716197,0.5436874014923126,0.5326169568198802,0.9681154831287757,0.9574066577332592
0.5,0.5,0.9,6,0.7219102786235843,0.6572784747788101,0.42799259418145486,0.3859298810944873,0.8972027326029541,0.9220384518046515
0.5,0.5,0.9,12,0.8036600555720208,0.6136745527624136,0.4776545277052402,0.3567775618639931,0.9252497572122562,0.8778167127169307
0.5,0.5,0.9,24,0.8537632421673116,0.6836673889481791,0.5094832940946161,0.4140938351243908,0.9461698246702726,0.8813766051520003
0.5,0.5,0.9,48,0.8884602743029588,0.7891195407094276,0.531617298,0.4844207827990114,0.9601813128565311,0.9211095057858312
0.5,0.5,0.9,72,0.8984426368845773,0.8311802053312748,0.5376295569290293,0.50888201,0.9635006626524796,0.9393429663096258
0.5,0.5,0.9,96,0.9055429187409065,0.8565558035966094,0.5417504701769971,0.523484682,0.9671522276894293,0.9496988362160179
0.5,0.5,0.9,120,0.9092261757173915,0.8733175223266845,0.5436670249523923,0.5326256615038694,0.9681188733877211,0.9574078782264794
0.5,0.5,0.9,240,0.9092261757173915,0.8733175223266845,0.5436670249523923,0.5326256615038694,0.9681188733877211,0.9574078782264794
0.5,0.5,0.9,480,0.9092261757173915,0.8733175223266845,0.5436670249523923,0.5326256615038694,0.9681188733877211,0.9574078782264794
0.5,0.7,0.1,6,0.7216562641513856,0.6569542273084283,0.4278326981976601,0.38574578662328474,0.8971306632316866,0.9218987731361066
0.5,0.7,0.1,12,0.8034741375437707,0.6132989566711734,0.4775356946525705,0.35655816186793543,0.925192469,0.8776884554540769
0.5,0.7,0.1,24,0.8536552501544035,0.6832775330583722,0.5094095903330583,0.4138688634874034,0.946128313,0.8813111204169953
0.5,0.7,0.1,48,0.8884345361902868,0.7888218694519136,0.53159141,0.48425533772080837,0.9601519155445213,0.9210823083751813
0.5,0.7,0.1,72,0.898452313,0.8309505208376391,0.5376232110142853,0.5087541217281135,0.9634765240087895,0.9393280793059017
0.5,0.7,0.1,96,0.9055817451565711,0.8563797111202218,0.5417598905038337,0.5233862121651459,0.9671310574057932,0.949687987
0.5,0.7,0.1,120,0.9092839943728415,0.873183058,0.543686189,0.5325490664511228,0.9681005207859641,0.9573997566728283
0.5,0.7,0.1,240,0.9092839943728415,0.873183058,0.543686189,0.5325490664511228,0.9681005207859641,0.9573997566728283
0.5,0.7,0.1,480,0.9092839943728415,0.873183058,0.543686189,0.5325490664511228,0.9681005207859641,0.9573997566728283
0.5,0.7,0.3,6,0.7217018752632843,0.6570077472703213,0.4278603763816724,0.38577462613896796,0.8971478254758585,0.9219322086232157
0.5,0.7,0.3,12,0.8035139056784948,0.6133590324789083,0.47755954569272113,0.3565913977059189,0.9252061358804937,0.8777188623098615
0.5,0.7,0.3,24,0.8536869157981837,0.6833429208997318,0.5094287551326989,0.413905177,0.9461383329316255,0.8813274388633852
0.5,0.7,0.3,48,0.8884572589861183,0.7888790035032234,0.5316053679879924,0.4842860994973439,0.9601585604520539,0.9210896011988681
0.5,0.7,0.3,72,0.898471123,0.831000361,0.5376350180824878,0.5087808370860142,0.9634821141690948,0.9393316353108399
0.5,0.7,0.3,96,0.9055973365074368,0.8564235222457269,0.541769966,0.5234096055601645,0.9671360599212149,0.9496906995945492
0.5,0.7,0.3,120,0.9092974664343716,0.8732220149472221,0.543695189,0.5325699099389134,0.9681046945714211,0.957402032
0.5,0.7,0.3,240,0.9092974664343716,0.8732220149472221,0.543695189,0.5325699099389134,0.9681046945714211,0.957402032
0.5,0.7,0.3,480,0.9092974664343716,0.8732220149472221,0.543695189,0.5325699099389134,0.9681046945714211,0.957402032
0.5,0.7,0.5,6,0.7217467325979194,0.6570622649938439,0.4278880108540101,0.38580467697867865,0.8971611604943764,0.9219606867983559
0.5,0.7,0.5,12,0.8035504589855352,0.6134210651511285,0.4775819959119547,0.35662655074242694,0.9252171805907465,0.8777446734812981
0.5,0.7,0.5,24,0.8537131387282132,0.6834090779212012,0.5094452265006914,0.41394252651569147,0.9461465900956343,0.8813407437462681
0.5,0.7,0.5,48,0.8884723483384502,0.7889337183354154,0.5316153627517708,0.4843159312223562,0.9601646026468853,0.9210950105453629
0.5,0.7,0.5,72,0.898481382,0.8310459319631563,0.537642352,0.5088056075705469,0.963486861,0.9393348598237923
0.5,0.7,0.5,96,0.9056036197033042,0.8564617211155311,0.5417751546627063,0.5234303222483889,0.9671404295882997,0.9496927940211866
0.5,0.7,0.5,120,0.9093011463541223,0.8732543873999411,0.5436990495238435,0.5325875656611074,0.9681083259154468,0.9574036743053873
0.5,0.7,0.5,240,0.9093011463541223,0.8732543873999411,0.5436990495238435,0.5325875656611074,0.9681083259154468,0.9574036743053873
0.5,0.7,0.5,480,0.9093011463541223,0.8732543873999411,0.5436990495238435,0.5325875656611074,0.9681083259154468,0.9574036743053873
0.5,0.7,0.7,6,0.7217908339365529,0.6571177773449564,0.4279155999622058,0.3858359372118189,0.8971739078680105,0.9219844638144253
0.5,0.7,0.7,12,0.8035837976702713,0.6134850502077622,0.47760304487031097,0.3566636180746202,0.9252275472492102,0.8777667930374389
0.5,0.7,0.7,24,0.8537339231716967,0.6834759985336952,0.5094590061908715,0.41398090830627726,0.9461535815629705,0.8813522856944996
0.5,0.7,0.7,48,0.8884798140031476,0.7889860117107881,0.5316213988868633,0.4843448311779439,0.9601699969255626,0.9210997267722512
0.5,0.7,0.7,72,0.8984831014334165,0.8310872346242174,0.5376452188858621,0.5088284334019934,0.9634913808768784,0.9393372405389627
0.5,0.7,0.7,96,0.9056006100739017,0.8564943126147165,0.5417754651555651,0.5234483642627046,0.9671440307966905,0.9496945870914731
0.5,0.7,0.7,120,0.9092950513317639,0.8732801834771098,0.5436977790628944,0.532602037,0.9681116106996694,0.9574050002733303
0.5,0.7,0.7,240,0.9092950513317639,0.8732801834771098,0.5436977790628944,0.532602037,0.9681116106996694,0.9574050002733303
0.5,0.7,0.7,480,0.9092950513317639,0.8732801834771098,0.5436977790628944,0.532602037,0.9681116106996694,0.9574050002733303
0.5,0.7,0.9,6,0.7218341771999288,0.6571742810360519,0.4279431420632858,0.38586840472038997,0.8971853594093369,0.9220048204359145
0.5,0.7,0.9,12,0.8036139227187793,0.6135509828314982,0.4776226924687026,0.35670259646824126,0.9252361509730225,0.8777862154542408
0.5,0.7,0.9,24,0.8537492749236163,0.6835436769827421,0.509470097,0.4140203184983351,0.9461600908601453,0.8813621249793496
0.5,0.7,0.9,48,0.888479668,0.7890358821005736,0.5316234825401578,0.4843727979201822,0.9601747734237209,0.9211038402864381
0.5,0.7,0.9,72,0.8984762984018652,0.831124272,0.537643627,0.5088493154397888,0.9634952081025321,0.9393398020679435
0.5,0.7,0.9,96,0.9055883264393125,0.8565213036102605,0.5417709068334795,0.5234637345818807,0.9671472402418253,0.9496963198904896
0.5,0.7,0.9,120,0.9092792023634829,0.873299413,0.5436913885338218,0.5326133290523599,0.9681143831780958,0.9574062358343681
0.5,0.7,0.9,240,0.9092792023634829,0.873299413,0.5436913885338218,0.5326133290523599,0.9681143831780958,0.9574062358343681
0.5,0.7,0.9,480,0.9092792023634829,0.873299413,0.5436913885338218,0.5326133290523599,0.9681143831780958,0.9574062358343681
0.5,0.9,0.1,6,0.7216511498216799,0.6569483423671444,0.4278296202177173,0.3857426570832552,0.89712887,0.9218943130621163
0.5,0.9,0.1,12,0.8034695204334764,0.6132924025586991,0.47753295809721064,0.3565545874575032,0.9251909023169664,0.8776843871433426
0.5,0.9,0.1,24,0.8536513956490515,0.6832703154600482,0.509407295,0.41386489275022675,0.9461272882213727,0.8813087547696423
0.5,0.9,0.1,48,0.8884315398977091,0.788815372,0.5315896140386793,0.48425186241892326,0.9601511320180094,0.9210814796452169
0.5,0.9,0.1,72,0.8984496945356464,0.8309447194518855,0.537621623,0.5087510333131778,0.9634757404822776,0.9393273861862952
0.5,0.9,0.1,96,0.9055794376593722,0.8563744966368525,0.5417584691378805,0.523383448,0.9671303341505517,0.9496876558954073
0.5,0.9,0.1,120,0.9092818924057077,0.8731783231504978,0.5436848715920294,0.5325465536196607,0.968099873,0.957399606
0.5,0.9,0.1,240,0.9092818924057077,0.8731783231504978,0.5436848715920294,0.5325465536196607,0.968099873,0.957399606
0.5,0.9,0.1,480,0.9092818924057077,0.8731783231504978,0.5436848715920294,0.5325465536196607,0.968099873,0.957399606
0.5,0.9,0.3,6,0.7216867551987717,0.6569897962702942,0.42785115509532035,0.38576487828558703,0.8971419791626549,0.9219216611509415
0.5,0.9,0.3,12,0.8035010068242867,0.6133387895687834,0.4775517509612184,0.3565801059374182,0.9252014949926932,0.8777095051951727
0.5,0.9,0.3,24,0.8536769654930427,0.6833210392169605,0.5094226662005286,0.41389295722806396,0.9461349276048627,0.8813220596525254
0.5,0.9,0.3,48,0.8884505332892881,0.7888602274906409,0.5316011558330648,0.48427594881816693,0.960156451,0.9210872355515152
0.5,0.9,0.3,72,0.898465804,0.8309842221640398,0.5376315796901936,0.5087721480561846,0.963480291,0.939330339
0.5,0.9,0.3,96,0.905593174,0.8564095423051662,0.5417671505616616,0.5234021052467536,0.9671345531394613,0.9496896147116868
0.5,0.9,0.3,120,0.9092940645024914,0.8732097612989564,0.5436927605973408,0.5325633164453675,0.9681034740782006,0.9574013689293045
0.5,0.9,0.3,240,0.9092940645024914,0.8732097612989564,0.5436927605973408,0.5325633164453675,0.9681034740782006,0.9574013689293045
0.5,0.9,0.3,480,0.9092940645024914,0.8732097612989564,0.5436927605973408,0.5325633164453675,0.9681034740782006,0.9574013689293045
0.5,0.9,0.5,6,0.7217219050504821,0.6570318543719499,0.427872664,0.3857878326319715,0.8971539430097775,0.9219453176244707
0.5,0.9,0.5,12,0.8035305484908991,0.6133863612257328,0.47756969654282755,0.3566067847514006,0.9252115602948061,0.8777305850719035
0.5,0.9,0.5,24,0.8536992421587575,0.6833722293882537,0.509436408,0.4139216491122638,0.9461424615136298,0.8813336016007569
0.5,0.9,0.5,48,0.8884649072445655,0.7889036200248563,0.5316102991642055,0.48429947297141673,0.9601614986764733,0.9210922531347541
0.5,0.9,0.5,72,0.898476737,0.8310211419178194,0.5376388294686711,0.5087920862997783,0.9634844496808126,0.9393332324994985
0.5,0.9,0.5,96,0.9056012773635755,0.8564411921478134,0.5417728747344878,0.5234191433358584,0.9671381392800344,0.9496917392739591
0.5,0.9,0.5,120,0.9093003099263179,0.8732372151562422,0.543697539,0.5325781502961994,0.9681064725738902,0.9574027853041527
0.5,0.9,0.5,240,0.9093003099263179,0.8732372151562422,0.543697539,0.5325781502961994,0.9681064725738902,0.9574027853041527
0.5,0.9,0.5,480,0.9093003099263179,0.8732372151562422,0.543697539,0.5325781502961994,0.9681064725738902,0.9574027853041527
0.5,0.9,0.7,6,0.7217565983037738,0.6570745152297518,0.42789414574529827,0.3858115192533153,0.8971639781762554,0.9219661413483033
0.5,0.9,0.7,12,0.8035581453664962,0.6134351154923662,0.47758679456369424,0.3566346226030924,0.925219531,0.8777499020139827
0.5,0.9,0.7,24,0.8537182273065573,0.6834238833791065,0.5094485211912417,0.41395096672533044,0.9461480366061177,0.8813433354108842
0.5,0.9,0.7,48,0.8884746658187878,0.7889455484121118,0.5316170460231017,0.48432243401311853,0.960165778,0.9210960803604078
0.5,0.9,0.7,72,0.898482501,0.8310554791032767,0.5376433747798925,0.5088108480137028,0.9634879454144807,0.939335387
0.5,0.9,0.7,96,0.9056037533722829,0.8564694480476638,0.5417756449452006,0.5234345626394565,0.9671412432504465,0.949693171
0.5,0.9,0.7,120,0.9093006359727926,0.873260688,0.5436992102567455,0.5325910565790706,0.9681092149166814,0.9574040208651906
0.5,0.9,0.7,240,0.9093006359727926,0.873260688,0.5436992102567455,0.5325910565790706,0.9681092149166814,0.9574040208651906
0.5,0.9,0.7,480,0.9093006359727926,0.873260688,0.5436992102567455,0.5325910565790706,0.9681092149166814,0.9574040208651906
0.5,0.9,0.9,6,0.7217908339365529,0.6571177773449564,0.4279155999622058,0.3858359372118189,0.8971739078680105,0.9219844638144253
0.5,0.9,0.9,12,0.8035837976702713,0.6134850502077623,0.47760304487031097,0.3566636180746202,0.9252275472492102,0.8777667930374389
0.5,0.9,0.9,24,0.8537339231716967,0.6834759985336952,0.5094590061908715,0.41398090830627726,0.9461535815629705,0.8813522856944996
0.5,0.9,0.9,48,0.8884798140031476,0.7889860117107881,0.5316213988868633,0.4843448311779439,0.9601699969255626,0.9210997267722512
0.5,0.9,0.9,72,0.8984831014334165,0.8310872346242174,0.5376452188858623,0.5088284334019934,0.9634913808768784,0.9393372405389627
0.5,0.9,0.9,96,0.9056006100739018,0.8564943126147166,0.5417754651555651,0.5234483642627046,0.9671440307966905,0.9496945870914731
0.5,0.9,0.9,120,0.9092950513317639,0.8732801834771098,0.5436977790628944,0.532602037,0.9681116106996694,0.9574050002733303
0.5,0.9,0.9,240,0.9092950513317639,0.8732801834771098,0.5436977790628944,0.532602037,0.9681116106996694,0.9574050002733303
0.5,0.9,0.9,480,0.9092950513317639,0.8732801834771098,0.5436977790628944,0.532602037,0.9681116106996694,0.9574050002733303